,detection_strategy,detection_feature,detection_results,ground_truth,f1,delay,log_path,tipo_mudanca,noise_size,window_size_mode,window_size,window_ref_mode,overlap,sliding_step,margin_error,margin_error_corrected
0,time_series_strategy,cpd_frequency_delta3,"[11, 23, 32]","[10, 21, 32]",1.0,1.5,../Input/Synthetic/CPN_Logs_Characterization_Ext/FragmentChange\Size1\Atomic\ConditionalMove\output\ConditionalMove.mxml.gz,Size1/ConditionalMove,0,Fixed,4000,Fixed,True,2000,3,6
1,time_series_strategy,cpd_frequency_delta3,"[11, 23, 33]","[10, 21, 33]",1.0,1.5,../Input/Synthetic/CPN_Logs_Characterization_Ext/FragmentChange\Size1\Atomic\ConditionalMove\output\ConditionalMove_2.mxml.gz,Size1/ConditionalMove_2,2,Fixed,4000,Fixed,True,2000,3,6
2,time_series_strategy,cpd_frequency_delta3,"[12, 24, 33]","[10, 22, 33]",1.0,2.0,../Input/Synthetic/CPN_Logs_Characterization_Ext/FragmentChange\Size1\Atomic\ConditionalMove\output\ConditionalMove_5.mxml.gz,Size1/ConditionalMove_5,5,Fixed,4000,Fixed,True,2000,3,6
3,time_series_strategy,cpd_frequency_delta3,"[10, 20, 29]","[9, 19, 29]",1.0,1.0,../Input/Synthetic/CPN_Logs_Characterization_Ext/FragmentChange\Size1\Atomic\ConditionalRemoval\output\ConditionalRemoval.mxml.gz,Size1/ConditionalRemoval,0,Fixed,4000,Fixed,True,2000,3,6
4,time_series_strategy,cpd_frequency_delta3,"[10, 20, 30]","[9, 19, 30]",1.0,1.0,../Input/Synthetic/CPN_Logs_Characterization_Ext/FragmentChange\Size1\Atomic\ConditionalRemoval\output\ConditionalRemoval_2.mxml.gz,Size1/ConditionalRemoval_2,2,Fixed,4000,Fixed,True,2000,3,6
5,time_series_strategy,cpd_frequency_delta3,"[10, 21, 31]","[9, 20, 31]",1.0,1.0,../Input/Synthetic/CPN_Logs_Characterization_Ext/FragmentChange\Size1\Atomic\ConditionalRemoval\output\ConditionalRemoval_5.mxml.gz,Size1/ConditionalRemoval_5,5,Fixed,4000,Fixed,True,2000,3,6
6,time_series_strategy,cpd_frequency_delta3,"[10, 21, 31]","[9, 20, 31]",1.0,1.0,../Input/Synthetic/CPN_Logs_Characterization_Ext/FragmentChange\Size1\Atomic\ConditionalToSequence\output\ConditionalToSequence.mxml.gz,Size1/ConditionalToSequence,0,Fixed,4000,Fixed,True,2000,3,6
7,time_series_strategy,cpd_frequency_delta3,"[10, 22, 32]","[9, 21, 32]",1.0,1.0,../Input/Synthetic/CPN_Logs_Characterization_Ext/FragmentChange\Size1\Atomic\ConditionalToSequence\output\ConditionalToSequence_2.mxml.gz,Size1/ConditionalToSequence_2,2,Fixed,4000,Fixed,True,2000,3,6
8,time_series_strategy,cpd_frequency_delta3,"[11, 23, 32]","[10, 21, 32]",1.0,1.5,../Input/Synthetic/CPN_Logs_Characterization_Ext/FragmentChange\Size1\Atomic\ConditionalToSequence\output\ConditionalToSequence_5.mxml.gz,Size1/ConditionalToSequence_5,5,Fixed,4000,Fixed,True,2000,3,6
9,time_series_strategy,cpd_frequency_delta3,"[10, 21, 29]","[9, 19, 29]",1.0,1.5,../Input/Synthetic/CPN_Logs_Characterization_Ext/FragmentChange\Size1\Atomic\Frequency\output\Frequency.mxml.gz,Size1/Frequency,0,Fixed,4000,Fixed,True,2000,3,6
10,time_series_strategy,cpd_frequency_delta3,"[10, 21, 30]","[9, 20, 30]",1.0,1.0,../Input/Synthetic/CPN_Logs_Characterization_Ext/FragmentChange\Size1\Atomic\Frequency\output\Frequency_2.mxml.gz,Size1/Frequency_2,2,Fixed,4000,Fixed,True,2000,3,6
11,time_series_strategy,cpd_frequency_delta3,"[10, 22, 31]","[9, 20, 31]",1.0,1.5,../Input/Synthetic/CPN_Logs_Characterization_Ext/FragmentChange\Size1\Atomic\Frequency\output\Frequency_5.mxml.gz,Size1/Frequency_5,5,Fixed,4000,Fixed,True,2000,3,6
12,time_series_strategy,cpd_frequency_delta3,"[7, 12, 16, 21, 28]","[9, 18, 28]",0.67,2.5,../Input/Synthetic/CPN_Logs_Characterization_Ext/FragmentChange\Size1\Atomic\Loop\output\Loop.mxml.gz,Size1/Loop,0,Fixed,4000,Fixed,True,2000,3,6
13,time_series_strategy,cpd_frequency_delta3,"[7, 21, 29]","[9, 19, 29]",1.0,2.0,../Input/Synthetic/CPN_Logs_Characterization_Ext/FragmentChange\Size1\Atomic\Loop\output\Loop_2.mxml.gz,Size1/Loop_2,2,Fixed,4000,Fixed,True,2000,3,6
14,time_series_strategy,cpd_frequency_delta3,"[12, 17, 22, 30]","[9, 19, 30]",0.8,2.67,../Input/Synthetic/CPN_Logs_Characterization_Ext/FragmentChange\Size1\Atomic\Loop\output\Loop_5.mxml.gz,Size1/Loop_5,5,Fixed,4000,Fixed,True,2000,3,6
15,time_series_strategy,cpd_frequency_delta3,"[11, 23, 33]","[10, 21, 33]",1.0,1.5,../Input/Synthetic/CPN_Logs_Characterization_Ext/FragmentChange\Size1\Atomic\ParallelMove\output\ParallelMove.mxml.gz,Size1/ParallelMove,0,Fixed,4000,Fixed,True,2000,3,6
16,time_series_strategy,cpd_frequency_delta3,"[12, 23, 34]","[10, 22, 34]",1.0,1.5,../Input/Synthetic/CPN_Logs_Characterization_Ext/FragmentChange\Size1\Atomic\ParallelMove\output\ParallelMove_2.mxml.gz,Size1/ParallelMove_2,2,Fixed,4000,Fixed,True,2000,3,6
17,time_series_strategy,cpd_frequency_delta3,"[12, 24, 34]","[10, 22, 34]",1.0,2.0,../Input/Synthetic/CPN_Logs_Characterization_Ext/FragmentChange\Size1\Atomic\ParallelMove\output\ParallelMove_5.mxml.gz,Size1/ParallelMove_5,5,Fixed,4000,Fixed,True,2000,3,6
18,time_series_strategy,cpd_frequency_delta3,"[11, 21, 32]","[10, 21, 32]",1.0,0.5,../Input/Synthetic/CPN_Logs_Characterization_Ext/FragmentChange\Size1\Atomic\ParallelRemoval\output\ParallelRemoval.mxml.gz,Size1/ParallelRemoval,0,Fixed,4000,Fixed,True,2000,3,6
19,time_series_strategy,cpd_frequency_delta3,"[11, 22, 33]","[10, 21, 33]",1.0,1.0,../Input/Synthetic/CPN_Logs_Characterization_Ext/FragmentChange\Size1\Atomic\ParallelRemoval\output\ParallelRemoval_2.mxml.gz,Size1/ParallelRemoval_2,2,Fixed,4000,Fixed,True,2000,3,6
20,time_series_strategy,cpd_frequency_delta3,"[11, 22, 33]","[10, 22, 33]",1.0,0.5,../Input/Synthetic/CPN_Logs_Characterization_Ext/FragmentChange\Size1\Atomic\ParallelRemoval\output\ParallelRemoval_5.mxml.gz,Size1/ParallelRemoval_5,5,Fixed,4000,Fixed,True,2000,3,6
21,time_series_strategy,cpd_frequency_delta3,"[11, 22, 33]","[10, 21, 33]",1.0,1.0,../Input/Synthetic/CPN_Logs_Characterization_Ext/FragmentChange\Size1\Atomic\ParallelToSequence\output\ParallelToSequence.mxml.gz,Size1/ParallelToSequence,0,Fixed,4000,Fixed,True,2000,3,6
22,time_series_strategy,cpd_frequency_delta3,"[11, 23, 33]","[10, 22, 33]",1.0,1.0,../Input/Synthetic/CPN_Logs_Characterization_Ext/FragmentChange\Size1\Atomic\ParallelToSequence\output\ParallelToSequence_2.mxml.gz,Size1/ParallelToSequence_2,2,Fixed,4000,Fixed,True,2000,3,6
23,time_series_strategy,cpd_frequency_delta3,"[11, 24, 34]","[10, 22, 34]",1.0,1.5,../Input/Synthetic/CPN_Logs_Characterization_Ext/FragmentChange\Size1\Atomic\ParallelToSequence\output\ParallelToSequence_5.mxml.gz,Size1/ParallelToSequence_5,5,Fixed,4000,Fixed,True,2000,3,6
24,time_series_strategy,cpd_frequency_delta3,"[11, 22, 32]","[10, 21, 32]",1.0,1.0,../Input/Synthetic/CPN_Logs_Characterization_Ext/FragmentChange\Size1\Atomic\SerialMove\output\SerialMove.mxml.gz,Size1/SerialMove,0,Fixed,4000,Fixed,True,2000,3,6
25,time_series_strategy,cpd_frequency_delta3,"[11, 23, 33]","[10, 22, 33]",1.0,1.0,../Input/Synthetic/CPN_Logs_Characterization_Ext/FragmentChange\Size1\Atomic\SerialMove\output\SerialMove_2.mxml.gz,Size1/SerialMove_2,2,Fixed,4000,Fixed,True,2000,3,6
26,time_series_strategy,cpd_frequency_delta3,"[12, 23, 34]","[10, 22, 34]",1.0,1.5,../Input/Synthetic/CPN_Logs_Characterization_Ext/FragmentChange\Size1\Atomic\SerialMove\output\SerialMove_5.mxml.gz,Size1/SerialMove_5,5,Fixed,4000,Fixed,True,2000,3,6
27,time_series_strategy,cpd_frequency_delta3,"[11, 23, 34]","[10, 22, 34]",1.0,1.0,../Input/Synthetic/CPN_Logs_Characterization_Ext/FragmentChange\Size1\Atomic\SerialRemoval\output\SerialRemoval.mxml.gz,Size1/SerialRemoval,0,Fixed,4000,Fixed,True,2000,3,6
28,time_series_strategy,cpd_frequency_delta3,"[11, 23, 35]","[11, 22, 35]",1.0,0.5,../Input/Synthetic/CPN_Logs_Characterization_Ext/FragmentChange\Size1\Atomic\SerialRemoval\output\SerialRemoval_2.mxml.gz,Size1/SerialRemoval_2,2,Fixed,4000,Fixed,True,2000,3,6
29,time_series_strategy,cpd_frequency_delta3,"[12, 24, 35]","[11, 23, 35]",1.0,1.0,../Input/Synthetic/CPN_Logs_Characterization_Ext/FragmentChange\Size1\Atomic\SerialRemoval\output\SerialRemoval_5.mxml.gz,Size1/SerialRemoval_5,5,Fixed,4000,Fixed,True,2000,3,6
30,time_series_strategy,cpd_frequency_delta3,"[11, 22, 33]","[10, 21, 33]",1.0,1.0,../Input/Synthetic/CPN_Logs_Characterization_Ext/FragmentChange\Size1\Atomic\Skip\output\Skip.mxml.gz,Size1/Skip,0,Fixed,4000,Fixed,True,2000,3,6
31,time_series_strategy,cpd_frequency_delta3,"[11, 22, 33]","[10, 22, 33]",1.0,0.5,../Input/Synthetic/CPN_Logs_Characterization_Ext/FragmentChange\Size1\Atomic\Skip\output\Skip_2.mxml.gz,Size1/Skip_2,2,Fixed,4000,Fixed,True,2000,3,6
32,time_series_strategy,cpd_frequency_delta3,"[11, 24, 34]","[10, 22, 34]",1.0,1.5,../Input/Synthetic/CPN_Logs_Characterization_Ext/FragmentChange\Size1\Atomic\Skip\output\Skip_5.mxml.gz,Size1/Skip_5,5,Fixed,4000,Fixed,True,2000,3,6
33,time_series_strategy,cpd_frequency_delta3,"[10, 22, 33]","[10, 21, 33]",1.0,0.5,../Input/Synthetic/CPN_Logs_Characterization_Ext/FragmentChange\Size1\Atomic\Substitute\output\Substitute.mxml.gz,Size1/Substitute,0,Fixed,4000,Fixed,True,2000,3,6
34,time_series_strategy,cpd_frequency_delta3,"[10, 23, 33]","[10, 22, 33]",1.0,0.5,../Input/Synthetic/CPN_Logs_Characterization_Ext/FragmentChange\Size1\Atomic\Substitute\output\Substitute_2.mxml.gz,Size1/Substitute_2,2,Fixed,4000,Fixed,True,2000,3,6
35,time_series_strategy,cpd_frequency_delta3,"[11, 23, 34]","[10, 22, 34]",1.0,1.0,../Input/Synthetic/CPN_Logs_Characterization_Ext/FragmentChange\Size1\Atomic\Substitute\output\Substitute_5.mxml.gz,Size1/Substitute_5,5,Fixed,4000,Fixed,True,2000,3,6
36,time_series_strategy,cpd_frequency_delta3,"[11, 22, 32]","[10, 21, 32]",1.0,1.0,../Input/Synthetic/CPN_Logs_Characterization_Ext/FragmentChange\Size1\Atomic\Swap\output\Swap.mxml.gz,Size1/Swap,0,Fixed,4000,Fixed,True,2000,3,6
37,time_series_strategy,cpd_frequency_delta3,"[11, 23, 33]","[10, 21, 33]",1.0,1.5,../Input/Synthetic/CPN_Logs_Characterization_Ext/FragmentChange\Size1\Atomic\Swap\output\Swap_2.mxml.gz,Size1/Swap_2,2,Fixed,4000,Fixed,True,2000,3,6
38,time_series_strategy,cpd_frequency_delta3,"[11, 23, 34]","[10, 22, 34]",1.0,1.0,../Input/Synthetic/CPN_Logs_Characterization_Ext/FragmentChange\Size1\Atomic\Swap\output\Swap_5.mxml.gz,Size1/Swap_5,5,Fixed,4000,Fixed,True,2000,3,6
39,time_series_strategy,cpd_frequency_delta3,"[12, 24, 35]","[11, 23, 35]",1.0,1.0,../Input/Synthetic/CPN_Logs_Characterization_Ext/FragmentChange\Size1\Composite\IOR\output\IOR.mxml.gz,Size1/IOR,0,Fixed,4000,Fixed,True,2000,3,6
40,time_series_strategy,cpd_frequency_delta3,"[12, 25, 36]","[11, 23, 36]",1.0,1.5,../Input/Synthetic/CPN_Logs_Characterization_Ext/FragmentChange\Size1\Composite\IOR\output\IOR_2.mxml.gz,Size1/IOR_2,2,Fixed,4000,Fixed,True,2000,3,6
41,time_series_strategy,cpd_frequency_delta3,"[12, 25, 36]","[11, 24, 36]",1.0,1.0,../Input/Synthetic/CPN_Logs_Characterization_Ext/FragmentChange\Size1\Composite\IOR\output\IOR_5.mxml.gz,Size1/IOR_5,5,Fixed,4000,Fixed,True,2000,3,6
42,time_series_strategy,cpd_frequency_delta3,"[13, 27, 39]","[12, 26, 39]",1.0,1.0,../Input/Synthetic/CPN_Logs_Characterization_Ext/FragmentChange\Size1\Composite\IRO\output\IRO.mxml.gz,Size1/IRO,0,Fixed,4000,Fixed,True,2000,3,6
43,time_series_strategy,cpd_frequency_delta3,"[13, 28, 40]","[12, 27, 40]",1.0,1.0,../Input/Synthetic/CPN_Logs_Characterization_Ext/FragmentChange\Size1\Composite\IRO\output\IRO_2.mxml.gz,Size1/IRO_2,2,Fixed,4000,Fixed,True,2000,3,6
44,time_series_strategy,cpd_frequency_delta3,"[13, 29, 41]","[13, 27, 41]",1.0,1.0,../Input/Synthetic/CPN_Logs_Characterization_Ext/FragmentChange\Size1\Composite\IRO\output\IRO_5.mxml.gz,Size1/IRO_5,5,Fixed,4000,Fixed,True,2000,3,6
45,time_series_strategy,cpd_frequency_delta3,"[13, 27, 39]","[12, 25, 39]",1.0,1.5,../Input/Synthetic/CPN_Logs_Characterization_Ext/FragmentChange\Size1\Composite\OIR\output\OIR.mxml.gz,Size1/OIR,0,Fixed,4000,Fixed,True,2000,3,6
46,time_series_strategy,cpd_frequency_delta3,"[13, 27, 40]","[12, 26, 40]",1.0,1.0,../Input/Synthetic/CPN_Logs_Characterization_Ext/FragmentChange\Size1\Composite\OIR\output\OIR_2.mxml.gz,Size1/OIR_2,2,Fixed,4000,Fixed,True,2000,3,6
47,time_series_strategy,cpd_frequency_delta3,"[13, 28, 40]","[13, 26, 40]",1.0,1.0,../Input/Synthetic/CPN_Logs_Characterization_Ext/FragmentChange\Size1\Composite\OIR\output\OIR_5.mxml.gz,Size1/OIR_5,5,Fixed,4000,Fixed,True,2000,3,6
48,time_series_strategy,cpd_frequency_delta3,"[17, 36, 53]","[17, 35, 53]",1.0,0.5,../Input/Synthetic/CPN_Logs_Characterization_Ext/FragmentChange\Size1\Composite\ORI\output\ORI.mxml.gz,Size1/ORI,0,Fixed,4000,Fixed,True,2000,3,6
49,time_series_strategy,cpd_frequency_delta3,"[17, 36, 54]","[17, 36, 54]",1.0,0.0,../Input/Synthetic/CPN_Logs_Characterization_Ext/FragmentChange\Size1\Composite\ORI\output\ORI_2.mxml.gz,Size1/ORI_2,2,Fixed,4000,Fixed,True,2000,3,6
50,time_series_strategy,cpd_frequency_delta3,"[18, 37, 55]","[17, 37, 55]",1.0,0.5,../Input/Synthetic/CPN_Logs_Characterization_Ext/FragmentChange\Size1\Composite\ORI\output\ORI_5.mxml.gz,Size1/ORI_5,5,Fixed,4000,Fixed,True,2000,3,6
51,time_series_strategy,cpd_frequency_delta3,"[14, 28, 41]","[12, 27, 41]",1.0,1.5,../Input/Synthetic/CPN_Logs_Characterization_Ext/FragmentChange\Size1\Composite\RIO\output\RIO.mxml.gz,Size1/RIO,0,Fixed,4000,Fixed,True,2000,3,6
52,time_series_strategy,cpd_frequency_delta3,"[14, 29, 42]","[13, 28, 42]",1.0,1.0,../Input/Synthetic/CPN_Logs_Characterization_Ext/FragmentChange\Size1\Composite\RIO\output\RIO_2.mxml.gz,Size1/RIO_2,2,Fixed,4000,Fixed,True,2000,3,6
53,time_series_strategy,cpd_frequency_delta3,"[14, 30, 43]","[13, 28, 43]",1.0,1.5,../Input/Synthetic/CPN_Logs_Characterization_Ext/FragmentChange\Size1\Composite\RIO\output\RIO_5.mxml.gz,Size1/RIO_5,5,Fixed,4000,Fixed,True,2000,3,6
54,time_series_strategy,cpd_frequency_delta3,"[12, 23, 34]","[11, 22, 34]",1.0,1.0,../Input/Synthetic/CPN_Logs_Characterization_Ext/FragmentChange\Size1\Composite\ROI\output\ROI.mxml.gz,Size1/ROI,0,Fixed,4000,Fixed,True,2000,3,6
55,time_series_strategy,cpd_frequency_delta3,"[12, 24, 35]","[11, 23, 35]",1.0,1.0,../Input/Synthetic/CPN_Logs_Characterization_Ext/FragmentChange\Size1\Composite\ROI\output\ROI_2.mxml.gz,Size1/ROI_2,2,Fixed,4000,Fixed,True,2000,3,6
56,time_series_strategy,cpd_frequency_delta3,"[12, 25, 36]","[11, 23, 36]",1.0,1.5,../Input/Synthetic/CPN_Logs_Characterization_Ext/FragmentChange\Size1\Composite\ROI\output\ROI_5.mxml.gz,Size1/ROI_5,5,Fixed,4000,Fixed,True,2000,3,6
57,time_series_strategy,cpd_frequency_delta3,"[11, 22, 31]","[9, 20, 31]",1.0,2.0,../Input/Synthetic/CPN_Logs_Characterization_Ext/FragmentChange\Size1\Nested\IOR\output\IOR.mxml.gz,Size1/IOR,0,Fixed,4000,Fixed,True,2000,3,6
58,time_series_strategy,cpd_frequency_delta3,"[11, 22, 32]","[10, 21, 32]",1.0,1.0,../Input/Synthetic/CPN_Logs_Characterization_Ext/FragmentChange\Size1\Nested\IOR\output\IOR_2.mxml.gz,Size1/IOR_2,2,Fixed,4000,Fixed,True,2000,3,6
59,time_series_strategy,cpd_frequency_delta3,"[11, 23, 33]","[10, 21, 33]",1.0,1.5,../Input/Synthetic/CPN_Logs_Characterization_Ext/FragmentChange\Size1\Nested\IOR\output\IOR_5.mxml.gz,Size1/IOR_5,5,Fixed,4000,Fixed,True,2000,3,6
60,time_series_strategy,cpd_frequency_delta3,"[10, 22, 31]","[9, 20, 31]",1.0,1.5,../Input/Synthetic/CPN_Logs_Characterization_Ext/FragmentChange\Size1\Nested\IRO\output\IRO.mxml.gz,Size1/IRO,0,Fixed,4000,Fixed,True,2000,3,6
61,time_series_strategy,cpd_frequency_delta3,"[11, 22, 32]","[10, 21, 32]",1.0,1.0,../Input/Synthetic/CPN_Logs_Characterization_Ext/FragmentChange\Size1\Nested\IRO\output\IRO_2.mxml.gz,Size1/IRO_2,2,Fixed,4000,Fixed,True,2000,3,6
62,time_series_strategy,cpd_frequency_delta3,"[11, 23, 33]","[10, 21, 33]",1.0,1.5,../Input/Synthetic/CPN_Logs_Characterization_Ext/FragmentChange\Size1\Nested\IRO\output\IRO_5.mxml.gz,Size1/IRO_5,5,Fixed,4000,Fixed,True,2000,3,6
63,time_series_strategy,cpd_frequency_delta3,"[11, 22, 32]","[10, 20, 32]",1.0,1.5,../Input/Synthetic/CPN_Logs_Characterization_Ext/FragmentChange\Size1\Nested\OIR\output\OIR.mxml.gz,Size1/OIR,0,Fixed,4000,Fixed,True,2000,3,6
64,time_series_strategy,cpd_frequency_delta3,"[11, 22, 32]","[10, 21, 32]",1.0,1.0,../Input/Synthetic/CPN_Logs_Characterization_Ext/FragmentChange\Size1\Nested\OIR\output\OIR_2.mxml.gz,Size1/OIR_2,2,Fixed,4000,Fixed,True,2000,3,6
65,time_series_strategy,cpd_frequency_delta3,"[11, 23, 33]","[10, 21, 33]",1.0,1.5,../Input/Synthetic/CPN_Logs_Characterization_Ext/FragmentChange\Size1\Nested\OIR\output\OIR_5.mxml.gz,Size1/OIR_5,5,Fixed,4000,Fixed,True,2000,3,6
66,time_series_strategy,cpd_frequency_delta3,"[11, 23, 33]","[10, 22, 33]",1.0,1.0,../Input/Synthetic/CPN_Logs_Characterization_Ext/FragmentChange\Size1\Nested\ORI\output\ORI.mxml.gz,Size1/ORI,0,Fixed,4000,Fixed,True,2000,3,6
67,time_series_strategy,cpd_frequency_delta3,"[11, 24, 34]","[10, 22, 34]",1.0,1.5,../Input/Synthetic/CPN_Logs_Characterization_Ext/FragmentChange\Size1\Nested\ORI\output\ORI_2.mxml.gz,Size1/ORI_2,2,Fixed,4000,Fixed,True,2000,3,6
68,time_series_strategy,cpd_frequency_delta3,"[11, 24, 34]","[10, 23, 34]",1.0,1.0,../Input/Synthetic/CPN_Logs_Characterization_Ext/FragmentChange\Size1\Nested\ORI\output\ORI_5.mxml.gz,Size1/ORI_5,5,Fixed,4000,Fixed,True,2000,3,6
69,time_series_strategy,cpd_frequency_delta3,"[11, 21, 31]","[9, 20, 31]",1.0,1.5,../Input/Synthetic/CPN_Logs_Characterization_Ext/FragmentChange\Size1\Nested\RIO\output\RIO.mxml.gz,Size1/RIO,0,Fixed,4000,Fixed,True,2000,3,6
70,time_series_strategy,cpd_frequency_delta3,"[11, 22, 32]","[10, 20, 32]",1.0,1.5,../Input/Synthetic/CPN_Logs_Characterization_Ext/FragmentChange\Size1\Nested\RIO\output\RIO_2.mxml.gz,Size1/RIO_2,2,Fixed,4000,Fixed,True,2000,3,6
71,time_series_strategy,cpd_frequency_delta3,"[11, 22, 32]","[10, 21, 32]",1.0,1.0,../Input/Synthetic/CPN_Logs_Characterization_Ext/FragmentChange\Size1\Nested\RIO\output\RIO_5.mxml.gz,Size1/RIO_5,5,Fixed,4000,Fixed,True,2000,3,6
72,time_series_strategy,cpd_frequency_delta3,"[11, 22, 32]","[10, 21, 32]",1.0,1.0,../Input/Synthetic/CPN_Logs_Characterization_Ext/FragmentChange\Size1\Nested\ROI\output\ROI.mxml.gz,Size1/ROI,0,Fixed,4000,Fixed,True,2000,3,6
73,time_series_strategy,cpd_frequency_delta3,"[11, 23, 33]","[10, 21, 33]",1.0,1.5,../Input/Synthetic/CPN_Logs_Characterization_Ext/FragmentChange\Size1\Nested\ROI\output\ROI_2.mxml.gz,Size1/ROI_2,2,Fixed,4000,Fixed,True,2000,3,6
74,time_series_strategy,cpd_frequency_delta3,"[12, 23, 34]","[10, 22, 34]",1.0,1.5,../Input/Synthetic/CPN_Logs_Characterization_Ext/FragmentChange\Size1\Nested\ROI\output\ROI_5.mxml.gz,Size1/ROI_5,5,Fixed,4000,Fixed,True,2000,3,6
75,time_series_strategy,cpd_frequency_delta3,"[16, 31, 46]","[15, 30, 46]",1.0,1.0,../Input/Synthetic/CPN_Logs_Characterization_Ext/FragmentChange\Size2\Atomic\ConditionalMove\output\ConditionalMove.mxml.gz,Size2/ConditionalMove,0,Fixed,4000,Fixed,True,2000,3,6
76,time_series_strategy,cpd_frequency_delta3,"[16, 31, 47]","[15, 31, 47]",1.0,0.5,../Input/Synthetic/CPN_Logs_Characterization_Ext/FragmentChange\Size2\Atomic\ConditionalMove\output\ConditionalMove_2.mxml.gz,Size2/ConditionalMove_2,2,Fixed,4000,Fixed,True,2000,3,6
77,time_series_strategy,cpd_frequency_delta3,"[16, 32, 48]","[15, 31, 48]",1.0,1.0,../Input/Synthetic/CPN_Logs_Characterization_Ext/FragmentChange\Size2\Atomic\ConditionalMove\output\ConditionalMove_5.mxml.gz,Size2/ConditionalMove_5,5,Fixed,4000,Fixed,True,2000,3,6
78,time_series_strategy,cpd_frequency_delta3,"[14, 29, 43]","[13, 28, 43]",1.0,1.0,../Input/Synthetic/CPN_Logs_Characterization_Ext/FragmentChange\Size2\Atomic\ConditionalRemoval\output\ConditionalRemoval.mxml.gz,Size2/ConditionalRemoval,0,Fixed,4000,Fixed,True,2000,3,6
79,time_series_strategy,cpd_frequency_delta3,"[13, 31, 43]","[13, 29, 43]",1.0,1.0,../Input/Synthetic/CPN_Logs_Characterization_Ext/FragmentChange\Size2\Atomic\ConditionalRemoval\output\ConditionalRemoval_2.mxml.gz,Size2/ConditionalRemoval_2,2,Fixed,4000,Fixed,True,2000,3,6
80,time_series_strategy,cpd_frequency_delta3,"[15, 31, 44]","[14, 29, 44]",1.0,1.5,../Input/Synthetic/CPN_Logs_Characterization_Ext/FragmentChange\Size2\Atomic\ConditionalRemoval\output\ConditionalRemoval_5.mxml.gz,Size2/ConditionalRemoval_5,5,Fixed,4000,Fixed,True,2000,3,6
81,time_series_strategy,cpd_frequency_delta3,"[16, 32, 46]","[14, 31, 46]",1.0,1.5,../Input/Synthetic/CPN_Logs_Characterization_Ext/FragmentChange\Size2\Atomic\ConditionalToSequence\output\ConditionalToSequence.mxml.gz,Size2/ConditionalToSequence,0,Fixed,4000,Fixed,True,2000,3,6
82,time_series_strategy,cpd_frequency_delta3,"[16, 33, 47]","[14, 31, 47]",1.0,2.0,../Input/Synthetic/CPN_Logs_Characterization_Ext/FragmentChange\Size2\Atomic\ConditionalToSequence\output\ConditionalToSequence_2.mxml.gz,Size2/ConditionalToSequence_2,2,Fixed,4000,Fixed,True,2000,3,6
83,time_series_strategy,cpd_frequency_delta3,"[15, 33, 48]","[15, 32, 48]",1.0,0.5,../Input/Synthetic/CPN_Logs_Characterization_Ext/FragmentChange\Size2\Atomic\ConditionalToSequence\output\ConditionalToSequence_5.mxml.gz,Size2/ConditionalToSequence_5,5,Fixed,4000,Fixed,True,2000,3,6
84,time_series_strategy,cpd_frequency_delta3,"[11, 22, 31]","[9, 20, 31]",1.0,2.0,../Input/Synthetic/CPN_Logs_Characterization_Ext/FragmentChange\Size2\Atomic\Frequency\output\Frequency.mxml.gz,Size2/Frequency,0,Fixed,4000,Fixed,True,2000,3,6
85,time_series_strategy,cpd_frequency_delta3,"[11, 22, 32]","[10, 21, 32]",1.0,1.0,../Input/Synthetic/CPN_Logs_Characterization_Ext/FragmentChange\Size2\Atomic\Frequency\output\Frequency_2.mxml.gz,Size2/Frequency_2,2,Fixed,4000,Fixed,True,2000,3,6
86,time_series_strategy,cpd_frequency_delta3,"[11, 23, 32]","[10, 21, 32]",1.0,1.5,../Input/Synthetic/CPN_Logs_Characterization_Ext/FragmentChange\Size2\Atomic\Frequency\output\Frequency_5.mxml.gz,Size2/Frequency_5,5,Fixed,4000,Fixed,True,2000,3,6
87,time_series_strategy,cpd_frequency_delta3,"[15, 30, 36, 44]","[14, 29, 44]",0.8,3.0,../Input/Synthetic/CPN_Logs_Characterization_Ext/FragmentChange\Size2\Atomic\Loop\output\Loop.mxml.gz,Size2/Loop,0,Fixed,4000,Fixed,True,2000,3,6
88,time_series_strategy,cpd_frequency_delta3,"[15, 32, 45]","[14, 30, 45]",1.0,1.5,../Input/Synthetic/CPN_Logs_Characterization_Ext/FragmentChange\Size2\Atomic\Loop\output\Loop_2.mxml.gz,Size2/Loop_2,2,Fixed,4000,Fixed,True,2000,3,6
89,time_series_strategy,cpd_frequency_delta3,"[15, 32, 46]","[14, 31, 46]",1.0,1.0,../Input/Synthetic/CPN_Logs_Characterization_Ext/FragmentChange\Size2\Atomic\Loop\output\Loop_5.mxml.gz,Size2/Loop_5,5,Fixed,4000,Fixed,True,2000,3,6
90,time_series_strategy,cpd_frequency_delta3,"[15, 31, 45]","[14, 30, 45]",1.0,1.0,../Input/Synthetic/CPN_Logs_Characterization_Ext/FragmentChange\Size2\Atomic\ParallelMove\output\ParallelMove.mxml.gz,Size2/ParallelMove,0,Fixed,4000,Fixed,True,2000,3,6
91,time_series_strategy,cpd_frequency_delta3,"[15, 32, 46]","[14, 30, 46]",1.0,1.5,../Input/Synthetic/CPN_Logs_Characterization_Ext/FragmentChange\Size2\Atomic\ParallelMove\output\ParallelMove_2.mxml.gz,Size2/ParallelMove_2,2,Fixed,4000,Fixed,True,2000,3,6
92,time_series_strategy,cpd_frequency_delta3,"[15, 32, 47]","[15, 31, 47]",1.0,0.5,../Input/Synthetic/CPN_Logs_Characterization_Ext/FragmentChange\Size2\Atomic\ParallelMove\output\ParallelMove_5.mxml.gz,Size2/ParallelMove_5,5,Fixed,4000,Fixed,True,2000,3,6
93,time_series_strategy,cpd_frequency_delta3,"[15, 30, 44]","[14, 29, 44]",1.0,1.0,../Input/Synthetic/CPN_Logs_Characterization_Ext/FragmentChange\Size2\Atomic\ParallelRemoval\output\ParallelRemoval.mxml.gz,Size2/ParallelRemoval,0,Fixed,4000,Fixed,True,2000,3,6
94,time_series_strategy,cpd_frequency_delta3,"[15, 31, 45]","[14, 30, 45]",1.0,1.0,../Input/Synthetic/CPN_Logs_Characterization_Ext/FragmentChange\Size2\Atomic\ParallelRemoval\output\ParallelRemoval_2.mxml.gz,Size2/ParallelRemoval_2,2,Fixed,4000,Fixed,True,2000,3,6
95,time_series_strategy,cpd_frequency_delta3,"[15, 32, 46]","[14, 30, 46]",1.0,1.5,../Input/Synthetic/CPN_Logs_Characterization_Ext/FragmentChange\Size2\Atomic\ParallelRemoval\output\ParallelRemoval_5.mxml.gz,Size2/ParallelRemoval_5,5,Fixed,4000,Fixed,True,2000,3,6
96,time_series_strategy,cpd_frequency_delta3,"[12, 16, 30, 46]","[14, 30, 46]",0.8,1.33,../Input/Synthetic/CPN_Logs_Characterization_Ext/FragmentChange\Size2\Atomic\ParallelToSequence\output\ParallelToSequence.mxml.gz,Size2/ParallelToSequence,0,Fixed,4000,Fixed,True,2000,3,6
97,time_series_strategy,cpd_frequency_delta3,"[15, 32, 47]","[15, 31, 47]",1.0,0.5,../Input/Synthetic/CPN_Logs_Characterization_Ext/FragmentChange\Size2\Atomic\ParallelToSequence\output\ParallelToSequence_2.mxml.gz,Size2/ParallelToSequence_2,2,Fixed,4000,Fixed,True,2000,3,6
98,time_series_strategy,cpd_frequency_delta3,"[15, 32, 48]","[15, 32, 48]",1.0,0.0,../Input/Synthetic/CPN_Logs_Characterization_Ext/FragmentChange\Size2\Atomic\ParallelToSequence\output\ParallelToSequence_5.mxml.gz,Size2/ParallelToSequence_5,5,Fixed,4000,Fixed,True,2000,3,6
99,time_series_strategy,cpd_frequency_delta3,"[15, 31, 45]","[14, 30, 45]",1.0,1.0,../Input/Synthetic/CPN_Logs_Characterization_Ext/FragmentChange\Size2\Atomic\SerialMove\output\SerialMove.mxml.gz,Size2/SerialMove,0,Fixed,4000,Fixed,True,2000,3,6
100,time_series_strategy,cpd_frequency_delta3,"[16, 31, 46]","[14, 30, 46]",1.0,1.5,../Input/Synthetic/CPN_Logs_Characterization_Ext/FragmentChange\Size2\Atomic\SerialMove\output\SerialMove_2.mxml.gz,Size2/SerialMove_2,2,Fixed,4000,Fixed,True,2000,3,6
101,time_series_strategy,cpd_frequency_delta3,"[16, 32, 47]","[15, 31, 47]",1.0,1.0,../Input/Synthetic/CPN_Logs_Characterization_Ext/FragmentChange\Size2\Atomic\SerialMove\output\SerialMove_5.mxml.gz,Size2/SerialMove_5,5,Fixed,4000,Fixed,True,2000,3,6
102,time_series_strategy,cpd_frequency_delta3,"[15, 30, 45]","[14, 29, 45]",1.0,1.0,../Input/Synthetic/CPN_Logs_Characterization_Ext/FragmentChange\Size2\Atomic\SerialRemoval\output\SerialRemoval.mxml.gz,Size2/SerialRemoval,0,Fixed,4000,Fixed,True,2000,3,6
103,time_series_strategy,cpd_frequency_delta3,"[15, 31, 46]","[14, 30, 46]",1.0,1.0,../Input/Synthetic/CPN_Logs_Characterization_Ext/FragmentChange\Size2\Atomic\SerialRemoval\output\SerialRemoval_2.mxml.gz,Size2/SerialRemoval_2,2,Fixed,4000,Fixed,True,2000,3,6
104,time_series_strategy,cpd_frequency_delta3,"[15, 32, 46]","[15, 30, 46]",1.0,1.0,../Input/Synthetic/CPN_Logs_Characterization_Ext/FragmentChange\Size2\Atomic\SerialRemoval\output\SerialRemoval_5.mxml.gz,Size2/SerialRemoval_5,5,Fixed,4000,Fixed,True,2000,3,6
105,time_series_strategy,cpd_frequency_delta3,"[16, 29, 42, 45]","[14, 29, 45]",0.8,5.0,../Input/Synthetic/CPN_Logs_Characterization_Ext/FragmentChange\Size2\Atomic\Skip\output\Skip.mxml.gz,Size2/Skip,0,Fixed,4000,Fixed,True,2000,3,6
106,time_series_strategy,cpd_frequency_delta3,"[15, 30, 43, 46]","[14, 30, 46]",0.8,4.67,../Input/Synthetic/CPN_Logs_Characterization_Ext/FragmentChange\Size2\Atomic\Skip\output\Skip_2.mxml.gz,Size2/Skip_2,2,Fixed,4000,Fixed,True,2000,3,6
107,time_series_strategy,cpd_frequency_delta3,"[15, 32, 45, 47]","[15, 31, 47]",0.8,5.0,../Input/Synthetic/CPN_Logs_Characterization_Ext/FragmentChange\Size2\Atomic\Skip\output\Skip_5.mxml.gz,Size2/Skip_5,5,Fixed,4000,Fixed,True,2000,3,6
108,time_series_strategy,cpd_frequency_delta3,"[16, 31, 46]","[14, 30, 46]",1.0,1.5,../Input/Synthetic/CPN_Logs_Characterization_Ext/FragmentChange\Size2\Atomic\Substitute\output\Substitute.mxml.gz,Size2/Substitute,0,Fixed,4000,Fixed,True,2000,3,6
109,time_series_strategy,cpd_frequency_delta3,"[15, 32, 47]","[14, 31, 47]",1.0,1.0,../Input/Synthetic/CPN_Logs_Characterization_Ext/FragmentChange\Size2\Atomic\Substitute\output\Substitute_2.mxml.gz,Size2/Substitute_2,2,Fixed,4000,Fixed,True,2000,3,6
110,time_series_strategy,cpd_frequency_delta3,"[16, 33, 48]","[15, 31, 48]",1.0,1.5,../Input/Synthetic/CPN_Logs_Characterization_Ext/FragmentChange\Size2\Atomic\Substitute\output\Substitute_5.mxml.gz,Size2/Substitute_5,5,Fixed,4000,Fixed,True,2000,3,6
111,time_series_strategy,cpd_frequency_delta3,"[14, 30, 44]","[14, 29, 44]",1.0,0.5,../Input/Synthetic/CPN_Logs_Characterization_Ext/FragmentChange\Size2\Atomic\Swap\output\Swap.mxml.gz,Size2/Swap,0,Fixed,4000,Fixed,True,2000,3,6
112,time_series_strategy,cpd_frequency_delta3,"[14, 31, 45]","[14, 29, 45]",1.0,1.0,../Input/Synthetic/CPN_Logs_Characterization_Ext/FragmentChange\Size2\Atomic\Swap\output\Swap_2.mxml.gz,Size2/Swap_2,2,Fixed,4000,Fixed,True,2000,3,6
113,time_series_strategy,cpd_frequency_delta3,"[15, 31, 46]","[14, 30, 46]",1.0,1.0,../Input/Synthetic/CPN_Logs_Characterization_Ext/FragmentChange\Size2\Atomic\Swap\output\Swap_5.mxml.gz,Size2/Swap_5,5,Fixed,4000,Fixed,True,2000,3,6
114,time_series_strategy,cpd_frequency_delta3,"[13, 27, 39]","[12, 26, 39]",1.0,1.0,../Input/Synthetic/CPN_Logs_Characterization_Ext/FragmentChange\Size2\Composite\IOR\output\IOR.mxml.gz,Size2/IOR,0,Fixed,4000,Fixed,True,2000,3,6
115,time_series_strategy,cpd_frequency_delta3,"[14, 27, 40]","[12, 26, 40]",1.0,1.5,../Input/Synthetic/CPN_Logs_Characterization_Ext/FragmentChange\Size2\Composite\IOR\output\IOR_2.mxml.gz,Size2/IOR_2,2,Fixed,4000,Fixed,True,2000,3,6
116,time_series_strategy,cpd_frequency_delta3,"[14, 28, 41]","[13, 27, 41]",1.0,1.0,../Input/Synthetic/CPN_Logs_Characterization_Ext/FragmentChange\Size2\Composite\IOR\output\IOR_5.mxml.gz,Size2/IOR_5,5,Fixed,4000,Fixed,True,2000,3,6
117,time_series_strategy,cpd_frequency_delta3,"[14, 31, 44]","[13, 29, 44]",1.0,1.5,../Input/Synthetic/CPN_Logs_Characterization_Ext/FragmentChange\Size2\Composite\IRO\output\IRO.mxml.gz,Size2/IRO,0,Fixed,4000,Fixed,True,2000,3,6
118,time_series_strategy,cpd_frequency_delta3,"[14, 31, 45]","[13, 30, 45]",1.0,1.0,../Input/Synthetic/CPN_Logs_Characterization_Ext/FragmentChange\Size2\Composite\IRO\output\IRO_2.mxml.gz,Size2/IRO_2,2,Fixed,4000,Fixed,True,2000,3,6
119,time_series_strategy,cpd_frequency_delta3,"[15, 32, 46]","[14, 31, 46]",1.0,1.0,../Input/Synthetic/CPN_Logs_Characterization_Ext/FragmentChange\Size2\Composite\IRO\output\IRO_5.mxml.gz,Size2/IRO_5,5,Fixed,4000,Fixed,True,2000,3,6
120,time_series_strategy,cpd_frequency_delta3,"[14, 30, 43]","[13, 29, 43]",1.0,1.0,../Input/Synthetic/CPN_Logs_Characterization_Ext/FragmentChange\Size2\Composite\OIR\output\OIR.mxml.gz,Size2/OIR,0,Fixed,4000,Fixed,True,2000,3,6
121,time_series_strategy,cpd_frequency_delta3,"[14, 30, 44]","[13, 29, 44]",1.0,1.0,../Input/Synthetic/CPN_Logs_Characterization_Ext/FragmentChange\Size2\Composite\OIR\output\OIR_2.mxml.gz,Size2/OIR_2,2,Fixed,4000,Fixed,True,2000,3,6
122,time_series_strategy,cpd_frequency_delta3,"[14, 31, 45]","[14, 30, 45]",1.0,0.5,../Input/Synthetic/CPN_Logs_Characterization_Ext/FragmentChange\Size2\Composite\OIR\output\OIR_5.mxml.gz,Size2/OIR_5,5,Fixed,4000,Fixed,True,2000,3,6
123,time_series_strategy,cpd_frequency_delta3,"[18, 39, 57]","[18, 38, 57]",1.0,0.5,../Input/Synthetic/CPN_Logs_Characterization_Ext/FragmentChange\Size2\Composite\ORI\output\ORI.mxml.gz,Size2/ORI,0,Fixed,4000,Fixed,True,2000,3,6
124,time_series_strategy,cpd_frequency_delta3,"[18, 40, 58]","[18, 39, 58]",1.0,0.5,../Input/Synthetic/CPN_Logs_Characterization_Ext/FragmentChange\Size2\Composite\ORI\output\ORI_2.mxml.gz,Size2/ORI_2,2,Fixed,4000,Fixed,True,2000,3,6
125,time_series_strategy,cpd_frequency_delta3,"[18, 40, 59]","[18, 40, 59]",1.0,0.0,../Input/Synthetic/CPN_Logs_Characterization_Ext/FragmentChange\Size2\Composite\ORI\output\ORI_5.mxml.gz,Size2/ORI_5,5,Fixed,4000,Fixed,True,2000,3,6
126,time_series_strategy,cpd_frequency_delta3,"[15, 31, 45]","[14, 30, 45]",1.0,1.0,../Input/Synthetic/CPN_Logs_Characterization_Ext/FragmentChange\Size2\Composite\RIO\output\RIO.mxml.gz,Size2/RIO,0,Fixed,4000,Fixed,True,2000,3,6
127,time_series_strategy,cpd_frequency_delta3,"[15, 31, 46]","[14, 30, 46]",1.0,1.0,../Input/Synthetic/CPN_Logs_Characterization_Ext/FragmentChange\Size2\Composite\RIO\output\RIO_2.mxml.gz,Size2/RIO_2,2,Fixed,4000,Fixed,True,2000,3,6
128,time_series_strategy,cpd_frequency_delta3,"[15, 32, 47]","[14, 31, 47]",1.0,1.0,../Input/Synthetic/CPN_Logs_Characterization_Ext/FragmentChange\Size2\Composite\RIO\output\RIO_5.mxml.gz,Size2/RIO_5,5,Fixed,4000,Fixed,True,2000,3,6
129,time_series_strategy,cpd_frequency_delta3,"[16, 33, 48]","[15, 32, 48]",1.0,1.0,../Input/Synthetic/CPN_Logs_Characterization_Ext/FragmentChange\Size2\Composite\ROI\output\ROI.mxml.gz,Size2/ROI,0,Fixed,4000,Fixed,True,2000,3,6
130,time_series_strategy,cpd_frequency_delta3,"[16, 34, 49]","[15, 32, 49]",1.0,1.5,../Input/Synthetic/CPN_Logs_Characterization_Ext/FragmentChange\Size2\Composite\ROI\output\ROI_2.mxml.gz,Size2/ROI_2,2,Fixed,4000,Fixed,True,2000,3,6
131,time_series_strategy,cpd_frequency_delta3,"[16, 34, 50]","[16, 33, 50]",1.0,0.5,../Input/Synthetic/CPN_Logs_Characterization_Ext/FragmentChange\Size2\Composite\ROI\output\ROI_5.mxml.gz,Size2/ROI_5,5,Fixed,4000,Fixed,True,2000,3,6
132,time_series_strategy,cpd_frequency_delta3,"[16, 33, 49]","[16, 32, 49]",1.0,0.5,../Input/Synthetic/CPN_Logs_Characterization_Ext/FragmentChange\Size2\Nested\IOR\output\IOR.mxml.gz,Size2/IOR,0,Fixed,4000,Fixed,True,2000,3,6
133,time_series_strategy,cpd_frequency_delta3,"[16, 34, 50]","[16, 33, 50]",1.0,0.5,../Input/Synthetic/CPN_Logs_Characterization_Ext/FragmentChange\Size2\Nested\IOR\output\IOR_2.mxml.gz,Size2/IOR_2,2,Fixed,4000,Fixed,True,2000,3,6
134,time_series_strategy,cpd_frequency_delta3,"[17, 34, 51]","[16, 33, 51]",1.0,1.0,../Input/Synthetic/CPN_Logs_Characterization_Ext/FragmentChange\Size2\Nested\IOR\output\IOR_5.mxml.gz,Size2/IOR_5,5,Fixed,4000,Fixed,True,2000,3,6
135,time_series_strategy,cpd_frequency_delta3,"[18, 21, 38, 59]","[19, 38, 59]",0.8,1.0,../Input/Synthetic/CPN_Logs_Characterization_Ext/FragmentChange\Size2\Nested\IRO\output\IRO.mxml.gz,Size2/IRO,0,Fixed,4000,Fixed,True,2000,3,6
136,time_series_strategy,cpd_frequency_delta3,"[18, 21, 39, 60]","[20, 39, 60]",0.8,1.0,../Input/Synthetic/CPN_Logs_Characterization_Ext/FragmentChange\Size2\Nested\IRO\output\IRO_2.mxml.gz,Size2/IRO_2,2,Fixed,4000,Fixed,True,2000,3,6
137,time_series_strategy,cpd_frequency_delta3,"[18, 21, 40, 61]","[20, 39, 61]",0.8,1.33,../Input/Synthetic/CPN_Logs_Characterization_Ext/FragmentChange\Size2\Nested\IRO\output\IRO_5.mxml.gz,Size2/IRO_5,5,Fixed,4000,Fixed,True,2000,3,6
138,time_series_strategy,cpd_frequency_delta3,"[17, 32, 49]","[15, 31, 49]",1.0,1.5,../Input/Synthetic/CPN_Logs_Characterization_Ext/FragmentChange\Size2\Nested\OIR\output\OIR.mxml.gz,Size2/OIR,0,Fixed,4000,Fixed,True,2000,3,6
139,time_series_strategy,cpd_frequency_delta3,"[17, 33, 50]","[16, 32, 50]",1.0,1.0,../Input/Synthetic/CPN_Logs_Characterization_Ext/FragmentChange\Size2\Nested\OIR\output\OIR_2.mxml.gz,Size2/OIR_2,2,Fixed,4000,Fixed,True,2000,3,6
140,time_series_strategy,cpd_frequency_delta3,"[17, 34, 51]","[16, 33, 51]",1.0,1.0,../Input/Synthetic/CPN_Logs_Characterization_Ext/FragmentChange\Size2\Nested\OIR\output\OIR_5.mxml.gz,Size2/OIR_5,5,Fixed,4000,Fixed,True,2000,3,6
141,time_series_strategy,cpd_frequency_delta3,"[16, 37, 52]","[15, 36, 52]",1.0,1.0,../Input/Synthetic/CPN_Logs_Characterization_Ext/FragmentChange\Size2\Nested\ORI\output\ORI.mxml.gz,Size2/ORI,0,Fixed,4000,Fixed,True,2000,3,6
142,time_series_strategy,cpd_frequency_delta3,"[16, 38, 54]","[16, 37, 54]",1.0,0.5,../Input/Synthetic/CPN_Logs_Characterization_Ext/FragmentChange\Size2\Nested\ORI\output\ORI_2.mxml.gz,Size2/ORI_2,2,Fixed,4000,Fixed,True,2000,3,6
143,time_series_strategy,cpd_frequency_delta3,"[16, 39, 55]","[16, 37, 55]",1.0,1.0,../Input/Synthetic/CPN_Logs_Characterization_Ext/FragmentChange\Size2\Nested\ORI\output\ORI_5.mxml.gz,Size2/ORI_5,5,Fixed,4000,Fixed,True,2000,3,6
144,time_series_strategy,cpd_frequency_delta3,"[12, 17, 32, 48]","[15, 31, 48]",0.8,2.0,../Input/Synthetic/CPN_Logs_Characterization_Ext/FragmentChange\Size2\Nested\RIO\output\RIO.mxml.gz,Size2/RIO,0,Fixed,4000,Fixed,True,2000,3,6
145,time_series_strategy,cpd_frequency_delta3,"[14, 17, 33, 49]","[15, 32, 49]",0.8,1.33,../Input/Synthetic/CPN_Logs_Characterization_Ext/FragmentChange\Size2\Nested\RIO\output\RIO_2.mxml.gz,Size2/RIO_2,2,Fixed,4000,Fixed,True,2000,3,6
146,time_series_strategy,cpd_frequency_delta3,"[15, 18, 34, 50]","[16, 33, 50]",0.8,1.33,../Input/Synthetic/CPN_Logs_Characterization_Ext/FragmentChange\Size2\Nested\RIO\output\RIO_5.mxml.gz,Size2/RIO_5,5,Fixed,4000,Fixed,True,2000,3,6
147,time_series_strategy,cpd_frequency_delta3,"[15, 30, 45]","[14, 29, 45]",1.0,1.0,../Input/Synthetic/CPN_Logs_Characterization_Ext/FragmentChange\Size2\Nested\ROI\output\ROI.mxml.gz,Size2/ROI,0,Fixed,4000,Fixed,True,2000,3,6
148,time_series_strategy,cpd_frequency_delta3,"[15, 31, 45]","[14, 30, 45]",1.0,1.0,../Input/Synthetic/CPN_Logs_Characterization_Ext/FragmentChange\Size2\Nested\ROI\output\ROI_2.mxml.gz,Size2/ROI_2,2,Fixed,4000,Fixed,True,2000,3,6
149,time_series_strategy,cpd_frequency_delta3,"[16, 32, 46]","[15, 30, 46]",1.0,1.5,../Input/Synthetic/CPN_Logs_Characterization_Ext/FragmentChange\Size2\Nested\ROI\output\ROI_5.mxml.gz,Size2/ROI_5,5,Fixed,4000,Fixed,True,2000,3,6
150,time_series_strategy,cpd_frequency_delta3,"[17, 35, 52]","[17, 34, 52]",1.0,0.5,../Input/Synthetic/CPN_Logs_Characterization_Ext/FragmentChange\Size3\Atomic\ConditionalMove\output\ConditionalMove.mxml.gz,Size3/ConditionalMove,0,Fixed,4000,Fixed,True,2000,3,6
151,time_series_strategy,cpd_frequency_delta3,"[18, 36, 53]","[17, 34, 53]",1.0,1.5,../Input/Synthetic/CPN_Logs_Characterization_Ext/FragmentChange\Size3\Atomic\ConditionalMove\output\ConditionalMove_2.mxml.gz,Size3/ConditionalMove_2,2,Fixed,4000,Fixed,True,2000,3,6
152,time_series_strategy,cpd_frequency_delta3,"[18, 37, 54]","[17, 35, 54]",1.0,1.5,../Input/Synthetic/CPN_Logs_Characterization_Ext/FragmentChange\Size3\Atomic\ConditionalMove\output\ConditionalMove_5.mxml.gz,Size3/ConditionalMove_5,5,Fixed,4000,Fixed,True,2000,3,6
153,time_series_strategy,cpd_frequency_delta3,"[14, 29, 43]","[13, 28, 43]",1.0,1.0,../Input/Synthetic/CPN_Logs_Characterization_Ext/FragmentChange\Size3\Atomic\ConditionalRemoval\output\ConditionalRemoval.mxml.gz,Size3/ConditionalRemoval,0,Fixed,4000,Fixed,True,2000,3,6
154,time_series_strategy,cpd_frequency_delta3,"[14, 30, 44]","[13, 29, 44]",1.0,1.0,../Input/Synthetic/CPN_Logs_Characterization_Ext/FragmentChange\Size3\Atomic\ConditionalRemoval\output\ConditionalRemoval_2.mxml.gz,Size3/ConditionalRemoval_2,2,Fixed,4000,Fixed,True,2000,3,6
155,time_series_strategy,cpd_frequency_delta3,"[14, 31, 44]","[14, 29, 44]",1.0,1.0,../Input/Synthetic/CPN_Logs_Characterization_Ext/FragmentChange\Size3\Atomic\ConditionalRemoval\output\ConditionalRemoval_5.mxml.gz,Size3/ConditionalRemoval_5,5,Fixed,4000,Fixed,True,2000,3,6
156,time_series_strategy,cpd_frequency_delta3,"[16, 34, 48]","[15, 32, 48]",1.0,1.5,../Input/Synthetic/CPN_Logs_Characterization_Ext/FragmentChange\Size3\Atomic\ConditionalToSequence\output\ConditionalToSequence.mxml.gz,Size3/ConditionalToSequence,0,Fixed,4000,Fixed,True,2000,3,6
157,time_series_strategy,cpd_frequency_delta3,"[16, 34, 49]","[15, 33, 49]",1.0,1.0,../Input/Synthetic/CPN_Logs_Characterization_Ext/FragmentChange\Size3\Atomic\ConditionalToSequence\output\ConditionalToSequence_2.mxml.gz,Size3/ConditionalToSequence_2,2,Fixed,4000,Fixed,True,2000,3,6
158,time_series_strategy,cpd_frequency_delta3,"[16, 35, 50]","[15, 34, 50]",1.0,1.0,../Input/Synthetic/CPN_Logs_Characterization_Ext/FragmentChange\Size3\Atomic\ConditionalToSequence\output\ConditionalToSequence_5.mxml.gz,Size3/ConditionalToSequence_5,5,Fixed,4000,Fixed,True,2000,3,6
159,time_series_strategy,cpd_frequency_delta3,"[11, 22, 33]","[10, 21, 33]",1.0,1.0,../Input/Synthetic/CPN_Logs_Characterization_Ext/FragmentChange\Size3\Atomic\Frequency\output\Frequency.mxml.gz,Size3/Frequency,0,Fixed,4000,Fixed,True,2000,3,6
160,time_series_strategy,cpd_frequency_delta3,"[11, 22, 33]","[10, 22, 33]",1.0,0.5,../Input/Synthetic/CPN_Logs_Characterization_Ext/FragmentChange\Size3\Atomic\Frequency\output\Frequency_2.mxml.gz,Size3/Frequency_2,2,Fixed,4000,Fixed,True,2000,3,6
161,time_series_strategy,cpd_frequency_delta3,"[11, 23, 34]","[10, 22, 34]",1.0,1.0,../Input/Synthetic/CPN_Logs_Characterization_Ext/FragmentChange\Size3\Atomic\Frequency\output\Frequency_5.mxml.gz,Size3/Frequency_5,5,Fixed,4000,Fixed,True,2000,3,6
162,time_series_strategy,cpd_frequency_delta3,"[15, 34, 47]","[14, 32, 47]",1.0,1.5,../Input/Synthetic/CPN_Logs_Characterization_Ext/FragmentChange\Size3\Atomic\Loop\output\Loop.mxml.gz,Size3/Loop,0,Fixed,4000,Fixed,True,2000,3,6
163,time_series_strategy,cpd_frequency_delta3,"[15, 34, 48]","[14, 33, 48]",1.0,1.0,../Input/Synthetic/CPN_Logs_Characterization_Ext/FragmentChange\Size3\Atomic\Loop\output\Loop_2.mxml.gz,Size3/Loop_2,2,Fixed,4000,Fixed,True,2000,3,6
164,time_series_strategy,cpd_frequency_delta3,"[15, 35, 49]","[14, 34, 49]",1.0,1.0,../Input/Synthetic/CPN_Logs_Characterization_Ext/FragmentChange\Size3\Atomic\Loop\output\Loop_5.mxml.gz,Size3/Loop_5,5,Fixed,4000,Fixed,True,2000,3,6
165,time_series_strategy,cpd_frequency_delta3,"[17, 35, 51]","[16, 34, 51]",1.0,1.0,../Input/Synthetic/CPN_Logs_Characterization_Ext/FragmentChange\Size3\Atomic\ParallelMove\output\ParallelMove.mxml.gz,Size3/ParallelMove,0,Fixed,4000,Fixed,True,2000,3,6
166,time_series_strategy,cpd_frequency_delta3,"[17, 36, 52]","[16, 34, 52]",1.0,1.5,../Input/Synthetic/CPN_Logs_Characterization_Ext/FragmentChange\Size3\Atomic\ParallelMove\output\ParallelMove_2.mxml.gz,Size3/ParallelMove_2,2,Fixed,4000,Fixed,True,2000,3,6
167,time_series_strategy,cpd_frequency_delta3,"[17, 37, 54]","[17, 35, 54]",1.0,1.0,../Input/Synthetic/CPN_Logs_Characterization_Ext/FragmentChange\Size3\Atomic\ParallelMove\output\ParallelMove_5.mxml.gz,Size3/ParallelMove_5,5,Fixed,4000,Fixed,True,2000,3,6
168,time_series_strategy,cpd_frequency_delta3,"[14, 29, 42]","[13, 28, 42]",1.0,1.0,../Input/Synthetic/CPN_Logs_Characterization_Ext/FragmentChange\Size3\Atomic\ParallelRemoval\output\ParallelRemoval.mxml.gz,Size3/ParallelRemoval,0,Fixed,4000,Fixed,True,2000,3,6
169,time_series_strategy,cpd_frequency_delta3,"[14, 30, 43]","[13, 28, 43]",1.0,1.5,../Input/Synthetic/CPN_Logs_Characterization_Ext/FragmentChange\Size3\Atomic\ParallelRemoval\output\ParallelRemoval_2.mxml.gz,Size3/ParallelRemoval_2,2,Fixed,4000,Fixed,True,2000,3,6
170,time_series_strategy,cpd_frequency_delta3,"[14, 31, 44]","[14, 29, 44]",1.0,1.0,../Input/Synthetic/CPN_Logs_Characterization_Ext/FragmentChange\Size3\Atomic\ParallelRemoval\output\ParallelRemoval_5.mxml.gz,Size3/ParallelRemoval_5,5,Fixed,4000,Fixed,True,2000,3,6
171,time_series_strategy,cpd_frequency_delta3,"[18, 35, 52]","[16, 34, 52]",1.0,1.5,../Input/Synthetic/CPN_Logs_Characterization_Ext/FragmentChange\Size3\Atomic\ParallelToSequence\output\ParallelToSequence.mxml.gz,Size3/ParallelToSequence,0,Fixed,4000,Fixed,True,2000,3,6
172,time_series_strategy,cpd_frequency_delta3,"[18, 36, 53]","[17, 35, 53]",1.0,1.0,../Input/Synthetic/CPN_Logs_Characterization_Ext/FragmentChange\Size3\Atomic\ParallelToSequence\output\ParallelToSequence_2.mxml.gz,Size3/ParallelToSequence_2,2,Fixed,4000,Fixed,True,2000,3,6
173,time_series_strategy,cpd_frequency_delta3,"[18, 36, 54]","[17, 36, 54]",1.0,0.5,../Input/Synthetic/CPN_Logs_Characterization_Ext/FragmentChange\Size3\Atomic\ParallelToSequence\output\ParallelToSequence_5.mxml.gz,Size3/ParallelToSequence_5,5,Fixed,4000,Fixed,True,2000,3,6
174,time_series_strategy,cpd_frequency_delta3,"[17, 34, 51]","[16, 34, 51]",1.0,0.5,../Input/Synthetic/CPN_Logs_Characterization_Ext/FragmentChange\Size3\Atomic\SerialMove\output\SerialMove.mxml.gz,Size3/SerialMove,0,Fixed,4000,Fixed,True,2000,3,6
175,time_series_strategy,cpd_frequency_delta3,"[17, 35, 52]","[16, 34, 52]",1.0,1.0,../Input/Synthetic/CPN_Logs_Characterization_Ext/FragmentChange\Size3\Atomic\SerialMove\output\SerialMove_2.mxml.gz,Size3/SerialMove_2,2,Fixed,4000,Fixed,True,2000,3,6
176,time_series_strategy,cpd_frequency_delta3,"[17, 36, 53]","[17, 35, 53]",1.0,0.5,../Input/Synthetic/CPN_Logs_Characterization_Ext/FragmentChange\Size3\Atomic\SerialMove\output\SerialMove_5.mxml.gz,Size3/SerialMove_5,5,Fixed,4000,Fixed,True,2000,3,6
177,time_series_strategy,cpd_frequency_delta3,"[14, 30, 43]","[13, 28, 43]",1.0,1.5,../Input/Synthetic/CPN_Logs_Characterization_Ext/FragmentChange\Size3\Atomic\SerialRemoval\output\SerialRemoval.mxml.gz,Size3/SerialRemoval,0,Fixed,4000,Fixed,True,2000,3,6
178,time_series_strategy,cpd_frequency_delta3,"[14, 30, 44]","[14, 28, 44]",1.0,1.0,../Input/Synthetic/CPN_Logs_Characterization_Ext/FragmentChange\Size3\Atomic\SerialRemoval\output\SerialRemoval_2.mxml.gz,Size3/SerialRemoval_2,2,Fixed,4000,Fixed,True,2000,3,6
179,time_series_strategy,cpd_frequency_delta3,"[14, 31, 45]","[14, 29, 45]",1.0,1.0,../Input/Synthetic/CPN_Logs_Characterization_Ext/FragmentChange\Size3\Atomic\SerialRemoval\output\SerialRemoval_5.mxml.gz,Size3/SerialRemoval_5,5,Fixed,4000,Fixed,True,2000,3,6
180,time_series_strategy,cpd_frequency_delta3,"[8, 17, 31, 41, 48]","[15, 31, 48]",0.67,4.75,../Input/Synthetic/CPN_Logs_Characterization_Ext/FragmentChange\Size3\Atomic\Skip\output\Skip.mxml.gz,Size3/Skip,0,Fixed,4000,Fixed,True,2000,3,6
181,time_series_strategy,cpd_frequency_delta3,"[16, 33, 49]","[15, 32, 49]",1.0,1.0,../Input/Synthetic/CPN_Logs_Characterization_Ext/FragmentChange\Size3\Atomic\Skip\output\Skip_2.mxml.gz,Size3/Skip_2,2,Fixed,4000,Fixed,True,2000,3,6
182,time_series_strategy,cpd_frequency_delta3,"[16, 33, 50]","[16, 32, 50]",1.0,0.5,../Input/Synthetic/CPN_Logs_Characterization_Ext/FragmentChange\Size3\Atomic\Skip\output\Skip_5.mxml.gz,Size3/Skip_5,5,Fixed,4000,Fixed,True,2000,3,6
183,time_series_strategy,cpd_frequency_delta3,"[15, 31, 46]","[14, 31, 46]",1.0,0.5,../Input/Synthetic/CPN_Logs_Characterization_Ext/FragmentChange\Size3\Atomic\Substitute\output\Substitute.mxml.gz,Size3/Substitute,0,Fixed,4000,Fixed,True,2000,3,6
184,time_series_strategy,cpd_frequency_delta3,"[15, 32, 47]","[14, 31, 47]",1.0,1.0,../Input/Synthetic/CPN_Logs_Characterization_Ext/FragmentChange\Size3\Atomic\Substitute\output\Substitute_2.mxml.gz,Size3/Substitute_2,2,Fixed,4000,Fixed,True,2000,3,6
185,time_series_strategy,cpd_frequency_delta3,"[15, 33, 48]","[15, 32, 48]",1.0,0.5,../Input/Synthetic/CPN_Logs_Characterization_Ext/FragmentChange\Size3\Atomic\Substitute\output\Substitute_5.mxml.gz,Size3/Substitute_5,5,Fixed,4000,Fixed,True,2000,3,6
186,time_series_strategy,cpd_frequency_delta3,"[15, 32, 47]","[15, 31, 47]",1.0,0.5,../Input/Synthetic/CPN_Logs_Characterization_Ext/FragmentChange\Size3\Atomic\Swap\output\Swap.mxml.gz,Size3/Swap,0,Fixed,4000,Fixed,True,2000,3,6
187,time_series_strategy,cpd_frequency_delta3,"[16, 32, 48]","[15, 31, 48]",1.0,1.0,../Input/Synthetic/CPN_Logs_Characterization_Ext/FragmentChange\Size3\Atomic\Swap\output\Swap_2.mxml.gz,Size3/Swap_2,2,Fixed,4000,Fixed,True,2000,3,6
188,time_series_strategy,cpd_frequency_delta3,"[16, 33, 49]","[15, 32, 49]",1.0,1.0,../Input/Synthetic/CPN_Logs_Characterization_Ext/FragmentChange\Size3\Atomic\Swap\output\Swap_5.mxml.gz,Size3/Swap_5,5,Fixed,4000,Fixed,True,2000,3,6
189,time_series_strategy,cpd_frequency_delta3,"[15, 30, 44]","[14, 29, 44]",1.0,1.0,../Input/Synthetic/CPN_Logs_Characterization_Ext/FragmentChange\Size3\Composite\IOR\output\IOR.mxml.gz,Size3/IOR,0,Fixed,4000,Fixed,True,2000,3,6
190,time_series_strategy,cpd_frequency_delta3,"[15, 30, 45]","[14, 29, 45]",1.0,1.0,../Input/Synthetic/CPN_Logs_Characterization_Ext/FragmentChange\Size3\Composite\IOR\output\IOR_2.mxml.gz,Size3/IOR_2,2,Fixed,4000,Fixed,True,2000,3,6
191,time_series_strategy,cpd_frequency_delta3,"[15, 31, 46]","[14, 30, 46]",1.0,1.0,../Input/Synthetic/CPN_Logs_Characterization_Ext/FragmentChange\Size3\Composite\IOR\output\IOR_5.mxml.gz,Size3/IOR_5,5,Fixed,4000,Fixed,True,2000,3,6
192,time_series_strategy,cpd_frequency_delta3,"[15, 34, 48]","[14, 32, 48]",1.0,1.5,../Input/Synthetic/CPN_Logs_Characterization_Ext/FragmentChange\Size3\Composite\IRO\output\IRO.mxml.gz,Size3/IRO,0,Fixed,4000,Fixed,True,2000,3,6
193,time_series_strategy,cpd_frequency_delta3,"[15, 34, 49]","[15, 33, 49]",1.0,0.5,../Input/Synthetic/CPN_Logs_Characterization_Ext/FragmentChange\Size3\Composite\IRO\output\IRO_2.mxml.gz,Size3/IRO_2,2,Fixed,4000,Fixed,True,2000,3,6
194,time_series_strategy,cpd_frequency_delta3,"[16, 35, 50]","[15, 34, 50]",1.0,1.0,../Input/Synthetic/CPN_Logs_Characterization_Ext/FragmentChange\Size3\Composite\IRO\output\IRO_5.mxml.gz,Size3/IRO_5,5,Fixed,4000,Fixed,True,2000,3,6
195,time_series_strategy,cpd_frequency_delta3,"[15, 31, 45]","[14, 30, 45]",1.0,1.0,../Input/Synthetic/CPN_Logs_Characterization_Ext/FragmentChange\Size3\Composite\OIR\output\OIR.mxml.gz,Size3/OIR,0,Fixed,4000,Fixed,True,2000,3,6
196,time_series_strategy,cpd_frequency_delta3,"[15, 32, 46]","[14, 31, 46]",1.0,1.0,../Input/Synthetic/CPN_Logs_Characterization_Ext/FragmentChange\Size3\Composite\OIR\output\OIR_2.mxml.gz,Size3/OIR_2,2,Fixed,4000,Fixed,True,2000,3,6
197,time_series_strategy,cpd_frequency_delta3,"[15, 33, 47]","[14, 32, 47]",1.0,1.0,../Input/Synthetic/CPN_Logs_Characterization_Ext/FragmentChange\Size3\Composite\OIR\output\OIR_5.mxml.gz,Size3/OIR_5,5,Fixed,4000,Fixed,True,2000,3,6
198,time_series_strategy,cpd_frequency_delta3,"[19, 42, 63]","[19, 42, 63]",1.0,0.0,../Input/Synthetic/CPN_Logs_Characterization_Ext/FragmentChange\Size3\Composite\ORI\output\ORI.mxml.gz,Size3/ORI,0,Fixed,4000,Fixed,True,2000,3,6
199,time_series_strategy,cpd_frequency_delta3,"[20, 43, 65]","[20, 43, 65]",1.0,0.0,../Input/Synthetic/CPN_Logs_Characterization_Ext/FragmentChange\Size3\Composite\ORI\output\ORI_2.mxml.gz,Size3/ORI_2,2,Fixed,4000,Fixed,True,2000,3,6
200,time_series_strategy,cpd_frequency_delta3,"[20, 44, 66]","[20, 44, 66]",1.0,0.0,../Input/Synthetic/CPN_Logs_Characterization_Ext/FragmentChange\Size3\Composite\ORI\output\ORI_5.mxml.gz,Size3/ORI_5,5,Fixed,4000,Fixed,True,2000,3,6
201,time_series_strategy,cpd_frequency_delta3,"[16, 34, 48]","[15, 33, 48]",1.0,1.0,../Input/Synthetic/CPN_Logs_Characterization_Ext/FragmentChange\Size3\Composite\RIO\output\RIO.mxml.gz,Size3/RIO,0,Fixed,4000,Fixed,True,2000,3,6
202,time_series_strategy,cpd_frequency_delta3,"[16, 35, 49]","[15, 33, 49]",1.0,1.5,../Input/Synthetic/CPN_Logs_Characterization_Ext/FragmentChange\Size3\Composite\RIO\output\RIO_2.mxml.gz,Size3/RIO_2,2,Fixed,4000,Fixed,True,2000,3,6
203,time_series_strategy,cpd_frequency_delta3,"[16, 35, 51]","[15, 34, 51]",1.0,1.0,../Input/Synthetic/CPN_Logs_Characterization_Ext/FragmentChange\Size3\Composite\RIO\output\RIO_5.mxml.gz,Size3/RIO_5,5,Fixed,4000,Fixed,True,2000,3,6
204,time_series_strategy,cpd_frequency_delta3,"[16, 33, 48]","[15, 32, 48]",1.0,1.0,../Input/Synthetic/CPN_Logs_Characterization_Ext/FragmentChange\Size3\Composite\ROI\output\ROI.mxml.gz,Size3/ROI,0,Fixed,4000,Fixed,True,2000,3,6
205,time_series_strategy,cpd_frequency_delta3,"[16, 33, 49]","[15, 32, 49]",1.0,1.0,../Input/Synthetic/CPN_Logs_Characterization_Ext/FragmentChange\Size3\Composite\ROI\output\ROI_2.mxml.gz,Size3/ROI_2,2,Fixed,4000,Fixed,True,2000,3,6
206,time_series_strategy,cpd_frequency_delta3,"[16, 34, 50]","[16, 33, 50]",1.0,0.5,../Input/Synthetic/CPN_Logs_Characterization_Ext/FragmentChange\Size3\Composite\ROI\output\ROI_5.mxml.gz,Size3/ROI_5,5,Fixed,4000,Fixed,True,2000,3,6
207,time_series_strategy,cpd_frequency_delta3,"[21, 44, 67]","[21, 45, 67]",1.0,0.5,../Input/Synthetic/CPN_Logs_Characterization_Ext/FragmentChange\Size3\Nested\IOR\output\IOR.mxml.gz,Size3/IOR,0,Fixed,4000,Fixed,True,2000,3,6
208,time_series_strategy,cpd_frequency_delta3,"[19, 22, 40, 46, 69]","[21, 46, 69]",0.67,2.25,../Input/Synthetic/CPN_Logs_Characterization_Ext/FragmentChange\Size3\Nested\IOR\output\IOR_2.mxml.gz,Size3/IOR_2,2,Fixed,4000,Fixed,True,2000,3,6
209,time_series_strategy,cpd_frequency_delta3,"[21, 47, 70]","[22, 47, 70]",1.0,0.5,../Input/Synthetic/CPN_Logs_Characterization_Ext/FragmentChange\Size3\Nested\IOR\output\IOR_5.mxml.gz,Size3/IOR_5,5,Fixed,4000,Fixed,True,2000,3,6
210,time_series_strategy,cpd_frequency_delta3,"[22, 24, 44, 46, 70]","[23, 46, 70]",0.67,1.0,../Input/Synthetic/CPN_Logs_Characterization_Ext/FragmentChange\Size3\Nested\IRO\output\IRO.mxml.gz,Size3/IRO,0,Fixed,4000,Fixed,True,2000,3,6
211,time_series_strategy,cpd_frequency_delta3,"[22, 25, 45, 48, 72]","[24, 47, 72]",0.67,1.5,../Input/Synthetic/CPN_Logs_Characterization_Ext/FragmentChange\Size3\Nested\IRO\output\IRO_2.mxml.gz,Size3/IRO_2,2,Fixed,4000,Fixed,True,2000,3,6
212,time_series_strategy,cpd_frequency_delta3,"[24, 47, 73]","[24, 48, 73]",1.0,0.5,../Input/Synthetic/CPN_Logs_Characterization_Ext/FragmentChange\Size3\Nested\IRO\output\IRO_5.mxml.gz,Size3/IRO_5,5,Fixed,4000,Fixed,True,2000,3,6
213,time_series_strategy,cpd_frequency_delta3,"[16, 33, 49]","[15, 32, 49]",1.0,1.0,../Input/Synthetic/CPN_Logs_Characterization_Ext/FragmentChange\Size3\Nested\OIR\output\OIR.mxml.gz,Size3/OIR,0,Fixed,4000,Fixed,True,2000,3,6
214,time_series_strategy,cpd_frequency_delta3,"[16, 34, 50]","[16, 33, 50]",1.0,0.5,../Input/Synthetic/CPN_Logs_Characterization_Ext/FragmentChange\Size3\Nested\OIR\output\OIR_2.mxml.gz,Size3/OIR_2,2,Fixed,4000,Fixed,True,2000,3,6
215,time_series_strategy,cpd_frequency_delta3,"[16, 35, 51]","[16, 34, 51]",1.0,0.5,../Input/Synthetic/CPN_Logs_Characterization_Ext/FragmentChange\Size3\Nested\OIR\output\OIR_5.mxml.gz,Size3/OIR_5,5,Fixed,4000,Fixed,True,2000,3,6
216,time_series_strategy,cpd_frequency_delta3,"[17, 39, 56]","[16, 39, 56]",1.0,0.5,../Input/Synthetic/CPN_Logs_Characterization_Ext/FragmentChange\Size3\Nested\ORI\output\ORI.mxml.gz,Size3/ORI,0,Fixed,4000,Fixed,True,2000,3,6
217,time_series_strategy,cpd_frequency_delta3,"[17, 40, 57]","[16, 39, 57]",1.0,1.0,../Input/Synthetic/CPN_Logs_Characterization_Ext/FragmentChange\Size3\Nested\ORI\output\ORI_2.mxml.gz,Size3/ORI_2,2,Fixed,4000,Fixed,True,2000,3,6
218,time_series_strategy,cpd_frequency_delta3,"[17, 41, 58]","[17, 40, 58]",1.0,0.5,../Input/Synthetic/CPN_Logs_Characterization_Ext/FragmentChange\Size3\Nested\ORI\output\ORI_5.mxml.gz,Size3/ORI_5,5,Fixed,4000,Fixed,True,2000,3,6
219,time_series_strategy,cpd_frequency_delta3,"[19, 39, 57]","[18, 38, 57]",1.0,1.0,../Input/Synthetic/CPN_Logs_Characterization_Ext/FragmentChange\Size3\Nested\RIO\output\RIO.mxml.gz,Size3/RIO,0,Fixed,4000,Fixed,True,2000,3,6
220,time_series_strategy,cpd_frequency_delta3,"[19, 40, 58]","[18, 39, 58]",1.0,1.0,../Input/Synthetic/CPN_Logs_Characterization_Ext/FragmentChange\Size3\Nested\RIO\output\RIO_2.mxml.gz,Size3/RIO_2,2,Fixed,4000,Fixed,True,2000,3,6
221,time_series_strategy,cpd_frequency_delta3,"[19, 32, 41, 59]","[18, 40, 59]",0.8,3.33,../Input/Synthetic/CPN_Logs_Characterization_Ext/FragmentChange\Size3\Nested\RIO\output\RIO_5.mxml.gz,Size3/RIO_5,5,Fixed,4000,Fixed,True,2000,3,6
222,time_series_strategy,cpd_frequency_delta3,"[16, 31, 46]","[14, 30, 46]",1.0,1.5,../Input/Synthetic/CPN_Logs_Characterization_Ext/FragmentChange\Size3\Nested\ROI\output\ROI.mxml.gz,Size3/ROI,0,Fixed,4000,Fixed,True,2000,3,6
223,time_series_strategy,cpd_frequency_delta3,"[16, 32, 47]","[15, 31, 47]",1.0,1.0,../Input/Synthetic/CPN_Logs_Characterization_Ext/FragmentChange\Size3\Nested\ROI\output\ROI_2.mxml.gz,Size3/ROI_2,2,Fixed,4000,Fixed,True,2000,3,6
224,time_series_strategy,cpd_frequency_delta3,"[16, 33, 48]","[15, 31, 48]",1.0,1.5,../Input/Synthetic/CPN_Logs_Characterization_Ext/FragmentChange\Size3\Nested\ROI\output\ROI_5.mxml.gz,Size3/ROI_5,5,Fixed,4000,Fixed,True,2000,3,6
225,time_series_strategy,cpd_frequency_delta3,"[18, 35, 53]","[17, 34, 53]",1.0,1.0,../Input/Synthetic/CPN_Logs_Characterization_Ext/FragmentChange\Size4\Atomic\ConditionalMove\output\ConditionalMove.mxml.gz,Size4/ConditionalMove,0,Fixed,4000,Fixed,True,2000,3,6
226,time_series_strategy,cpd_frequency_delta3,"[18, 36, 54]","[17, 35, 54]",1.0,1.0,../Input/Synthetic/CPN_Logs_Characterization_Ext/FragmentChange\Size4\Atomic\ConditionalMove\output\ConditionalMove_2.mxml.gz,Size4/ConditionalMove_2,2,Fixed,4000,Fixed,True,2000,3,6
227,time_series_strategy,cpd_frequency_delta3,"[18, 37, 55]","[18, 36, 55]",1.0,0.5,../Input/Synthetic/CPN_Logs_Characterization_Ext/FragmentChange\Size4\Atomic\ConditionalMove\output\ConditionalMove_5.mxml.gz,Size4/ConditionalMove_5,5,Fixed,4000,Fixed,True,2000,3,6
228,time_series_strategy,cpd_frequency_delta3,"[14, 30, 43]","[13, 28, 43]",1.0,1.5,../Input/Synthetic/CPN_Logs_Characterization_Ext/FragmentChange\Size4\Atomic\ConditionalRemoval\output\ConditionalRemoval.mxml.gz,Size4/ConditionalRemoval,0,Fixed,4000,Fixed,True,2000,3,6
229,time_series_strategy,cpd_frequency_delta3,"[14, 31, 44]","[14, 29, 44]",1.0,1.0,../Input/Synthetic/CPN_Logs_Characterization_Ext/FragmentChange\Size4\Atomic\ConditionalRemoval\output\ConditionalRemoval_2.mxml.gz,Size4/ConditionalRemoval_2,2,Fixed,4000,Fixed,True,2000,3,6
230,time_series_strategy,cpd_frequency_delta3,"[14, 31, 45]","[14, 30, 45]",1.0,0.5,../Input/Synthetic/CPN_Logs_Characterization_Ext/FragmentChange\Size4\Atomic\ConditionalRemoval\output\ConditionalRemoval_5.mxml.gz,Size4/ConditionalRemoval_5,5,Fixed,4000,Fixed,True,2000,3,6
231,time_series_strategy,cpd_frequency_delta3,"[16, 33, 48]","[15, 32, 48]",1.0,1.0,../Input/Synthetic/CPN_Logs_Characterization_Ext/FragmentChange\Size4\Atomic\ConditionalToSequence\output\ConditionalToSequence.mxml.gz,Size4/ConditionalToSequence,0,Fixed,4000,Fixed,True,2000,3,6
232,time_series_strategy,cpd_frequency_delta3,"[16, 34, 49]","[15, 33, 49]",1.0,1.0,../Input/Synthetic/CPN_Logs_Characterization_Ext/FragmentChange\Size4\Atomic\ConditionalToSequence\output\ConditionalToSequence_2.mxml.gz,Size4/ConditionalToSequence_2,2,Fixed,4000,Fixed,True,2000,3,6
233,time_series_strategy,cpd_frequency_delta3,"[16, 35, 50]","[15, 34, 50]",1.0,1.0,../Input/Synthetic/CPN_Logs_Characterization_Ext/FragmentChange\Size4\Atomic\ConditionalToSequence\output\ConditionalToSequence_5.mxml.gz,Size4/ConditionalToSequence_5,5,Fixed,4000,Fixed,True,2000,3,6
234,time_series_strategy,cpd_frequency_delta3,"[12, 24, 34]","[10, 22, 34]",1.0,2.0,../Input/Synthetic/CPN_Logs_Characterization_Ext/FragmentChange\Size4\Atomic\Frequency\output\Frequency.mxml.gz,Size4/Frequency,0,Fixed,4000,Fixed,True,2000,3,6
235,time_series_strategy,cpd_frequency_delta3,"[12, 24, 35]","[11, 23, 35]",1.0,1.0,../Input/Synthetic/CPN_Logs_Characterization_Ext/FragmentChange\Size4\Atomic\Frequency\output\Frequency_2.mxml.gz,Size4/Frequency_2,2,Fixed,4000,Fixed,True,2000,3,6
236,time_series_strategy,cpd_frequency_delta3,"[13, 25, 36]","[11, 23, 36]",1.0,2.0,../Input/Synthetic/CPN_Logs_Characterization_Ext/FragmentChange\Size4\Atomic\Frequency\output\Frequency_5.mxml.gz,Size4/Frequency_5,5,Fixed,4000,Fixed,True,2000,3,6
237,time_series_strategy,cpd_frequency_delta3,"[15, 35, 50]","[14, 34, 50]",1.0,1.0,../Input/Synthetic/CPN_Logs_Characterization_Ext/FragmentChange\Size4\Atomic\Loop\output\Loop.mxml.gz,Size4/Loop,0,Fixed,4000,Fixed,True,2000,3,6
238,time_series_strategy,cpd_frequency_delta3,"[15, 36, 51]","[15, 35, 51]",1.0,0.5,../Input/Synthetic/CPN_Logs_Characterization_Ext/FragmentChange\Size4\Atomic\Loop\output\Loop_2.mxml.gz,Size4/Loop_2,2,Fixed,4000,Fixed,True,2000,3,6
239,time_series_strategy,cpd_frequency_delta3,"[15, 37, 52]","[15, 36, 52]",1.0,0.5,../Input/Synthetic/CPN_Logs_Characterization_Ext/FragmentChange\Size4\Atomic\Loop\output\Loop_5.mxml.gz,Size4/Loop_5,5,Fixed,4000,Fixed,True,2000,3,6
240,time_series_strategy,cpd_frequency_delta3,"[17, 35, 51]","[16, 34, 51]",1.0,1.0,../Input/Synthetic/CPN_Logs_Characterization_Ext/FragmentChange\Size4\Atomic\ParallelMove\output\ParallelMove.mxml.gz,Size4/ParallelMove,0,Fixed,4000,Fixed,True,2000,3,6
241,time_series_strategy,cpd_frequency_delta3,"[17, 36, 52]","[16, 34, 52]",1.0,1.5,../Input/Synthetic/CPN_Logs_Characterization_Ext/FragmentChange\Size4\Atomic\ParallelMove\output\ParallelMove_2.mxml.gz,Size4/ParallelMove_2,2,Fixed,4000,Fixed,True,2000,3,6
242,time_series_strategy,cpd_frequency_delta3,"[17, 36, 53]","[17, 35, 53]",1.0,0.5,../Input/Synthetic/CPN_Logs_Characterization_Ext/FragmentChange\Size4\Atomic\ParallelMove\output\ParallelMove_5.mxml.gz,Size4/ParallelMove_5,5,Fixed,4000,Fixed,True,2000,3,6
243,time_series_strategy,cpd_frequency_delta3,"[15, 30, 34, 44]","[14, 29, 44]",0.8,2.33,../Input/Synthetic/CPN_Logs_Characterization_Ext/FragmentChange\Size4\Atomic\ParallelRemoval\output\ParallelRemoval.mxml.gz,Size4/ParallelRemoval,0,Fixed,4000,Fixed,True,2000,3,6
244,time_series_strategy,cpd_frequency_delta3,"[15, 32, 45]","[14, 30, 45]",1.0,1.5,../Input/Synthetic/CPN_Logs_Characterization_Ext/FragmentChange\Size4\Atomic\ParallelRemoval\output\ParallelRemoval_2.mxml.gz,Size4/ParallelRemoval_2,2,Fixed,4000,Fixed,True,2000,3,6
245,time_series_strategy,cpd_frequency_delta3,"[15, 33, 46]","[14, 31, 46]",1.0,1.5,../Input/Synthetic/CPN_Logs_Characterization_Ext/FragmentChange\Size4\Atomic\ParallelRemoval\output\ParallelRemoval_5.mxml.gz,Size4/ParallelRemoval_5,5,Fixed,4000,Fixed,True,2000,3,6
246,time_series_strategy,cpd_frequency_delta3,"[19, 36, 55]","[17, 36, 55]",1.0,1.0,../Input/Synthetic/CPN_Logs_Characterization_Ext/FragmentChange\Size4\Atomic\ParallelToSequence\output\ParallelToSequence.mxml.gz,Size4/ParallelToSequence,0,Fixed,4000,Fixed,True,2000,3,6
247,time_series_strategy,cpd_frequency_delta3,"[18, 37, 56]","[18, 37, 56]",1.0,0.0,../Input/Synthetic/CPN_Logs_Characterization_Ext/FragmentChange\Size4\Atomic\ParallelToSequence\output\ParallelToSequence_2.mxml.gz,Size4/ParallelToSequence_2,2,Fixed,4000,Fixed,True,2000,3,6
248,time_series_strategy,cpd_frequency_delta3,"[18, 39, 57]","[18, 38, 57]",1.0,0.5,../Input/Synthetic/CPN_Logs_Characterization_Ext/FragmentChange\Size4\Atomic\ParallelToSequence\output\ParallelToSequence_5.mxml.gz,Size4/ParallelToSequence_5,5,Fixed,4000,Fixed,True,2000,3,6
249,time_series_strategy,cpd_frequency_delta3,"[18, 36, 53]","[17, 35, 53]",1.0,1.0,../Input/Synthetic/CPN_Logs_Characterization_Ext/FragmentChange\Size4\Atomic\SerialMove\output\SerialMove.mxml.gz,Size4/SerialMove,0,Fixed,4000,Fixed,True,2000,3,6
250,time_series_strategy,cpd_frequency_delta3,"[18, 37, 54]","[17, 35, 54]",1.0,1.5,../Input/Synthetic/CPN_Logs_Characterization_Ext/FragmentChange\Size4\Atomic\SerialMove\output\SerialMove_2.mxml.gz,Size4/SerialMove_2,2,Fixed,4000,Fixed,True,2000,3,6
251,time_series_strategy,cpd_frequency_delta3,"[18, 38, 55]","[17, 36, 55]",1.0,1.5,../Input/Synthetic/CPN_Logs_Characterization_Ext/FragmentChange\Size4\Atomic\SerialMove\output\SerialMove_5.mxml.gz,Size4/SerialMove_5,5,Fixed,4000,Fixed,True,2000,3,6
252,time_series_strategy,cpd_frequency_delta3,"[16, 30, 45]","[14, 29, 45]",1.0,1.5,../Input/Synthetic/CPN_Logs_Characterization_Ext/FragmentChange\Size4\Atomic\SerialRemoval\output\SerialRemoval.mxml.gz,Size4/SerialRemoval,0,Fixed,4000,Fixed,True,2000,3,6
253,time_series_strategy,cpd_frequency_delta3,"[16, 31, 46]","[14, 30, 46]",1.0,1.5,../Input/Synthetic/CPN_Logs_Characterization_Ext/FragmentChange\Size4\Atomic\SerialRemoval\output\SerialRemoval_2.mxml.gz,Size4/SerialRemoval_2,2,Fixed,4000,Fixed,True,2000,3,6
254,time_series_strategy,cpd_frequency_delta3,"[15, 31, 46]","[15, 30, 46]",1.0,0.5,../Input/Synthetic/CPN_Logs_Characterization_Ext/FragmentChange\Size4\Atomic\SerialRemoval\output\SerialRemoval_5.mxml.gz,Size4/SerialRemoval_5,5,Fixed,4000,Fixed,True,2000,3,6
255,time_series_strategy,cpd_frequency_delta3,"[16, 32, 47]","[15, 31, 47]",1.0,1.0,../Input/Synthetic/CPN_Logs_Characterization_Ext/FragmentChange\Size4\Atomic\Skip\output\Skip.mxml.gz,Size4/Skip,0,Fixed,4000,Fixed,True,2000,3,6
256,time_series_strategy,cpd_frequency_delta3,"[16, 33, 48]","[15, 31, 48]",1.0,1.5,../Input/Synthetic/CPN_Logs_Characterization_Ext/FragmentChange\Size4\Atomic\Skip\output\Skip_2.mxml.gz,Size4/Skip_2,2,Fixed,4000,Fixed,True,2000,3,6
257,time_series_strategy,cpd_frequency_delta3,"[17, 34, 49]","[16, 32, 49]",1.0,1.5,../Input/Synthetic/CPN_Logs_Characterization_Ext/FragmentChange\Size4\Atomic\Skip\output\Skip_5.mxml.gz,Size4/Skip_5,5,Fixed,4000,Fixed,True,2000,3,6
258,time_series_strategy,cpd_frequency_delta3,"[15, 32, 47]","[14, 31, 47]",1.0,1.0,../Input/Synthetic/CPN_Logs_Characterization_Ext/FragmentChange\Size4\Atomic\Substitute\output\Substitute.mxml.gz,Size4/Substitute,0,Fixed,4000,Fixed,True,2000,3,6
259,time_series_strategy,cpd_frequency_delta3,"[15, 33, 48]","[14, 32, 48]",1.0,1.0,../Input/Synthetic/CPN_Logs_Characterization_Ext/FragmentChange\Size4\Atomic\Substitute\output\Substitute_2.mxml.gz,Size4/Substitute_2,2,Fixed,4000,Fixed,True,2000,3,6
260,time_series_strategy,cpd_frequency_delta3,"[15, 34, 49]","[15, 33, 49]",1.0,0.5,../Input/Synthetic/CPN_Logs_Characterization_Ext/FragmentChange\Size4\Atomic\Substitute\output\Substitute_5.mxml.gz,Size4/Substitute_5,5,Fixed,4000,Fixed,True,2000,3,6
261,time_series_strategy,cpd_frequency_delta3,"[16, 33, 48]","[15, 32, 48]",1.0,1.0,../Input/Synthetic/CPN_Logs_Characterization_Ext/FragmentChange\Size4\Atomic\Swap\output\Swap.mxml.gz,Size4/Swap,0,Fixed,4000,Fixed,True,2000,3,6
262,time_series_strategy,cpd_frequency_delta3,"[16, 34, 49]","[15, 33, 49]",1.0,1.0,../Input/Synthetic/CPN_Logs_Characterization_Ext/FragmentChange\Size4\Atomic\Swap\output\Swap_2.mxml.gz,Size4/Swap_2,2,Fixed,4000,Fixed,True,2000,3,6
263,time_series_strategy,cpd_frequency_delta3,"[16, 34, 50]","[16, 33, 50]",1.0,0.5,../Input/Synthetic/CPN_Logs_Characterization_Ext/FragmentChange\Size4\Atomic\Swap\output\Swap_5.mxml.gz,Size4/Swap_5,5,Fixed,4000,Fixed,True,2000,3,6
264,time_series_strategy,cpd_frequency_delta3,"[16, 32, 48]","[15, 31, 48]",1.0,1.0,../Input/Synthetic/CPN_Logs_Characterization_Ext/FragmentChange\Size4\Composite\IOR\output\IOR.mxml.gz,Size4/IOR,0,Fixed,4000,Fixed,True,2000,3,6
265,time_series_strategy,cpd_frequency_delta3,"[16, 33, 49]","[16, 32, 49]",1.0,0.5,../Input/Synthetic/CPN_Logs_Characterization_Ext/FragmentChange\Size4\Composite\IOR\output\IOR_2.mxml.gz,Size4/IOR_2,2,Fixed,4000,Fixed,True,2000,3,6
266,time_series_strategy,cpd_frequency_delta3,"[17, 34, 50]","[16, 33, 50]",1.0,1.0,../Input/Synthetic/CPN_Logs_Characterization_Ext/FragmentChange\Size4\Composite\IOR\output\IOR_5.mxml.gz,Size4/IOR_5,5,Fixed,4000,Fixed,True,2000,3,6
267,time_series_strategy,cpd_frequency_delta3,"[16, 37, 52]","[15, 36, 52]",1.0,1.0,../Input/Synthetic/CPN_Logs_Characterization_Ext/FragmentChange\Size4\Composite\IRO\output\IRO.mxml.gz,Size4/IRO,0,Fixed,4000,Fixed,True,2000,3,6
268,time_series_strategy,cpd_frequency_delta3,"[16, 38, 53]","[16, 36, 53]",1.0,1.0,../Input/Synthetic/CPN_Logs_Characterization_Ext/FragmentChange\Size4\Composite\IRO\output\IRO_2.mxml.gz,Size4/IRO_2,2,Fixed,4000,Fixed,True,2000,3,6
269,time_series_strategy,cpd_frequency_delta3,"[17, 38, 54]","[16, 37, 54]",1.0,1.0,../Input/Synthetic/CPN_Logs_Characterization_Ext/FragmentChange\Size4\Composite\IRO\output\IRO_5.mxml.gz,Size4/IRO_5,5,Fixed,4000,Fixed,True,2000,3,6
270,time_series_strategy,cpd_frequency_delta3,"[15, 33, 47]","[14, 32, 47]",1.0,1.0,../Input/Synthetic/CPN_Logs_Characterization_Ext/FragmentChange\Size4\Composite\OIR\output\OIR.mxml.gz,Size4/OIR,0,Fixed,4000,Fixed,True,2000,3,6
271,time_series_strategy,cpd_frequency_delta3,"[15, 33, 48]","[14, 32, 48]",1.0,1.0,../Input/Synthetic/CPN_Logs_Characterization_Ext/FragmentChange\Size4\Composite\OIR\output\OIR_2.mxml.gz,Size4/OIR_2,2,Fixed,4000,Fixed,True,2000,3,6
272,time_series_strategy,cpd_frequency_delta3,"[15, 34, 49]","[15, 33, 49]",1.0,0.5,../Input/Synthetic/CPN_Logs_Characterization_Ext/FragmentChange\Size4\Composite\OIR\output\OIR_5.mxml.gz,Size4/OIR_5,5,Fixed,4000,Fixed,True,2000,3,6
273,time_series_strategy,cpd_frequency_delta3,"[20, 45, 67]","[21, 45, 67]",1.0,0.5,../Input/Synthetic/CPN_Logs_Characterization_Ext/FragmentChange\Size4\Composite\ORI\output\ORI.mxml.gz,Size4/ORI,0,Fixed,4000,Fixed,True,2000,3,6
274,time_series_strategy,cpd_frequency_delta3,"[20, 46, 68]","[21, 46, 68]",1.0,0.5,../Input/Synthetic/CPN_Logs_Characterization_Ext/FragmentChange\Size4\Composite\ORI\output\ORI_2.mxml.gz,Size4/ORI_2,2,Fixed,4000,Fixed,True,2000,3,6
275,time_series_strategy,cpd_frequency_delta3,"[21, 46, 70]","[21, 47, 70]",1.0,0.5,../Input/Synthetic/CPN_Logs_Characterization_Ext/FragmentChange\Size4\Composite\ORI\output\ORI_5.mxml.gz,Size4/ORI_5,5,Fixed,4000,Fixed,True,2000,3,6
276,time_series_strategy,cpd_frequency_delta3,"[16, 36, 52]","[16, 35, 52]",1.0,0.5,../Input/Synthetic/CPN_Logs_Characterization_Ext/FragmentChange\Size4\Composite\RIO\output\RIO.mxml.gz,Size4/RIO,0,Fixed,4000,Fixed,True,2000,3,6
277,time_series_strategy,cpd_frequency_delta3,"[17, 37, 53]","[16, 36, 53]",1.0,1.0,../Input/Synthetic/CPN_Logs_Characterization_Ext/FragmentChange\Size4\Composite\RIO\output\RIO_2.mxml.gz,Size4/RIO_2,2,Fixed,4000,Fixed,True,2000,3,6
278,time_series_strategy,cpd_frequency_delta3,"[17, 37, 54]","[16, 37, 54]",1.0,0.5,../Input/Synthetic/CPN_Logs_Characterization_Ext/FragmentChange\Size4\Composite\RIO\output\RIO_5.mxml.gz,Size4/RIO_5,5,Fixed,4000,Fixed,True,2000,3,6
279,time_series_strategy,cpd_frequency_delta3,"[17, 35, 51]","[16, 34, 51]",1.0,1.0,../Input/Synthetic/CPN_Logs_Characterization_Ext/FragmentChange\Size4\Composite\ROI\output\ROI.mxml.gz,Size4/ROI,0,Fixed,4000,Fixed,True,2000,3,6
280,time_series_strategy,cpd_frequency_delta3,"[17, 36, 52]","[16, 35, 52]",1.0,1.0,../Input/Synthetic/CPN_Logs_Characterization_Ext/FragmentChange\Size4\Composite\ROI\output\ROI_2.mxml.gz,Size4/ROI_2,2,Fixed,4000,Fixed,True,2000,3,6
281,time_series_strategy,cpd_frequency_delta3,"[17, 36, 53]","[17, 35, 53]",1.0,0.5,../Input/Synthetic/CPN_Logs_Characterization_Ext/FragmentChange\Size4\Composite\ROI\output\ROI_5.mxml.gz,Size4/ROI_5,5,Fixed,4000,Fixed,True,2000,3,6
282,time_series_strategy,cpd_frequency_delta3,"[18, 36, 54]","[17, 35, 54]",1.0,1.0,../Input/Synthetic/CPN_Logs_Characterization_Ext/FragmentChange\Size4\Nested\IOR\output\IOR.mxml.gz,Size4/IOR,0,Fixed,4000,Fixed,True,2000,3,6
283,time_series_strategy,cpd_frequency_delta3,"[18, 37, 55]","[17, 36, 55]",1.0,1.0,../Input/Synthetic/CPN_Logs_Characterization_Ext/FragmentChange\Size4\Nested\IOR\output\IOR_2.mxml.gz,Size4/IOR_2,2,Fixed,4000,Fixed,True,2000,3,6
284,time_series_strategy,cpd_frequency_delta3,"[18, 38, 56]","[18, 37, 56]",1.0,0.5,../Input/Synthetic/CPN_Logs_Characterization_Ext/FragmentChange\Size4\Nested\IOR\output\IOR_5.mxml.gz,Size4/IOR_5,5,Fixed,4000,Fixed,True,2000,3,6
285,time_series_strategy,cpd_frequency_delta3,"[18, 36, 54]","[18, 35, 54]",1.0,0.5,../Input/Synthetic/CPN_Logs_Characterization_Ext/FragmentChange\Size4\Nested\IRO\output\IRO.mxml.gz,Size4/IRO,0,Fixed,4000,Fixed,True,2000,3,6
286,time_series_strategy,cpd_frequency_delta3,"[19, 37, 55]","[18, 36, 55]",1.0,1.0,../Input/Synthetic/CPN_Logs_Characterization_Ext/FragmentChange\Size4\Nested\IRO\output\IRO_2.mxml.gz,Size4/IRO_2,2,Fixed,4000,Fixed,True,2000,3,6
287,time_series_strategy,cpd_frequency_delta3,"[19, 37, 57]","[19, 36, 57]",1.0,0.5,../Input/Synthetic/CPN_Logs_Characterization_Ext/FragmentChange\Size4\Nested\IRO\output\IRO_5.mxml.gz,Size4/IRO_5,5,Fixed,4000,Fixed,True,2000,3,6
288,time_series_strategy,cpd_frequency_delta3,"[16, 33, 49]","[15, 32, 49]",1.0,1.0,../Input/Synthetic/CPN_Logs_Characterization_Ext/FragmentChange\Size4\Nested\OIR\output\OIR.mxml.gz,Size4/OIR,0,Fixed,4000,Fixed,True,2000,3,6
289,time_series_strategy,cpd_frequency_delta3,"[16, 34, 50]","[15, 33, 50]",1.0,1.0,../Input/Synthetic/CPN_Logs_Characterization_Ext/FragmentChange\Size4\Nested\OIR\output\OIR_2.mxml.gz,Size4/OIR_2,2,Fixed,4000,Fixed,True,2000,3,6
290,time_series_strategy,cpd_frequency_delta3,"[16, 35, 51]","[16, 34, 51]",1.0,0.5,../Input/Synthetic/CPN_Logs_Characterization_Ext/FragmentChange\Size4\Nested\OIR\output\OIR_5.mxml.gz,Size4/OIR_5,5,Fixed,4000,Fixed,True,2000,3,6
291,time_series_strategy,cpd_frequency_delta3,"[17, 41, 57]","[16, 40, 57]",1.0,1.0,../Input/Synthetic/CPN_Logs_Characterization_Ext/FragmentChange\Size4\Nested\ORI\output\ORI.mxml.gz,Size4/ORI,0,Fixed,4000,Fixed,True,2000,3,6
292,time_series_strategy,cpd_frequency_delta3,"[17, 42, 59]","[17, 41, 59]",1.0,0.5,../Input/Synthetic/CPN_Logs_Characterization_Ext/FragmentChange\Size4\Nested\ORI\output\ORI_2.mxml.gz,Size4/ORI_2,2,Fixed,4000,Fixed,True,2000,3,6
293,time_series_strategy,cpd_frequency_delta3,"[17, 43, 60]","[17, 42, 60]",1.0,0.5,../Input/Synthetic/CPN_Logs_Characterization_Ext/FragmentChange\Size4\Nested\ORI\output\ORI_5.mxml.gz,Size4/ORI_5,5,Fixed,4000,Fixed,True,2000,3,6
294,time_series_strategy,cpd_frequency_delta3,"[19, 38, 57]","[18, 37, 57]",1.0,1.0,../Input/Synthetic/CPN_Logs_Characterization_Ext/FragmentChange\Size4\Nested\RIO\output\RIO.mxml.gz,Size4/RIO,0,Fixed,4000,Fixed,True,2000,3,6
295,time_series_strategy,cpd_frequency_delta3,"[19, 39, 58]","[18, 38, 58]",1.0,1.0,../Input/Synthetic/CPN_Logs_Characterization_Ext/FragmentChange\Size4\Nested\RIO\output\RIO_2.mxml.gz,Size4/RIO_2,2,Fixed,4000,Fixed,True,2000,3,6
296,time_series_strategy,cpd_frequency_delta3,"[19, 40, 59]","[19, 39, 59]",1.0,0.5,../Input/Synthetic/CPN_Logs_Characterization_Ext/FragmentChange\Size4\Nested\RIO\output\RIO_5.mxml.gz,Size4/RIO_5,5,Fixed,4000,Fixed,True,2000,3,6
297,time_series_strategy,cpd_frequency_delta3,"[16, 32, 48]","[15, 31, 48]",1.0,1.0,../Input/Synthetic/CPN_Logs_Characterization_Ext/FragmentChange\Size4\Nested\ROI\output\ROI.mxml.gz,Size4/ROI,0,Fixed,4000,Fixed,True,2000,3,6
298,time_series_strategy,cpd_frequency_delta3,"[16, 33, 49]","[15, 32, 49]",1.0,1.0,../Input/Synthetic/CPN_Logs_Characterization_Ext/FragmentChange\Size4\Nested\ROI\output\ROI_2.mxml.gz,Size4/ROI_2,2,Fixed,4000,Fixed,True,2000,3,6
299,time_series_strategy,cpd_frequency_delta3,"[17, 34, 50]","[16, 32, 50]",1.0,1.5,../Input/Synthetic/CPN_Logs_Characterization_Ext/FragmentChange\Size4\Nested\ROI\output\ROI_5.mxml.gz,Size4/ROI_5,5,Fixed,4000,Fixed,True,2000,3,6
300,time_series_strategy,cpd_frequency_delta3,"[18, 36, 54]","[18, 35, 54]",1.0,0.5,../Input/Synthetic/CPN_Logs_Characterization_Ext/FragmentChange\Size5\Atomic\ConditionalMove\output\ConditionalMove.mxml.gz,Size5/ConditionalMove,0,Fixed,4000,Fixed,True,2000,3,6
301,time_series_strategy,cpd_frequency_delta3,"[19, 37, 55]","[18, 36, 55]",1.0,1.0,../Input/Synthetic/CPN_Logs_Characterization_Ext/FragmentChange\Size5\Atomic\ConditionalMove\output\ConditionalMove_2.mxml.gz,Size5/ConditionalMove_2,2,Fixed,4000,Fixed,True,2000,3,6
302,time_series_strategy,cpd_frequency_delta3,"[19, 37, 57]","[18, 37, 57]",1.0,0.5,../Input/Synthetic/CPN_Logs_Characterization_Ext/FragmentChange\Size5\Atomic\ConditionalMove\output\ConditionalMove_5.mxml.gz,Size5/ConditionalMove_5,5,Fixed,4000,Fixed,True,2000,3,6
303,time_series_strategy,cpd_frequency_delta3,"[15, 32, 46]","[14, 30, 46]",1.0,1.5,../Input/Synthetic/CPN_Logs_Characterization_Ext/FragmentChange\Size5\Atomic\ConditionalRemoval\output\ConditionalRemoval.mxml.gz,Size5/ConditionalRemoval,0,Fixed,4000,Fixed,True,2000,3,6
304,time_series_strategy,cpd_frequency_delta3,"[15, 33, 47]","[14, 31, 47]",1.0,1.5,../Input/Synthetic/CPN_Logs_Characterization_Ext/FragmentChange\Size5\Atomic\ConditionalRemoval\output\ConditionalRemoval_2.mxml.gz,Size5/ConditionalRemoval_2,2,Fixed,4000,Fixed,True,2000,3,6
305,time_series_strategy,cpd_frequency_delta3,"[14, 19, 33, 48]","[15, 32, 48]",0.8,2.0,../Input/Synthetic/CPN_Logs_Characterization_Ext/FragmentChange\Size5\Atomic\ConditionalRemoval\output\ConditionalRemoval_5.mxml.gz,Size5/ConditionalRemoval_5,5,Fixed,4000,Fixed,True,2000,3,6
306,time_series_strategy,cpd_frequency_delta3,"[17, 36, 52]","[16, 35, 52]",1.0,1.0,../Input/Synthetic/CPN_Logs_Characterization_Ext/FragmentChange\Size5\Atomic\ConditionalToSequence\output\ConditionalToSequence.mxml.gz,Size5/ConditionalToSequence,0,Fixed,4000,Fixed,True,2000,3,6
307,time_series_strategy,cpd_frequency_delta3,"[17, 37, 53]","[16, 36, 53]",1.0,1.0,../Input/Synthetic/CPN_Logs_Characterization_Ext/FragmentChange\Size5\Atomic\ConditionalToSequence\output\ConditionalToSequence_2.mxml.gz,Size5/ConditionalToSequence_2,2,Fixed,4000,Fixed,True,2000,3,6
308,time_series_strategy,cpd_frequency_delta3,"[17, 38, 54]","[16, 37, 54]",1.0,1.0,../Input/Synthetic/CPN_Logs_Characterization_Ext/FragmentChange\Size5\Atomic\ConditionalToSequence\output\ConditionalToSequence_5.mxml.gz,Size5/ConditionalToSequence_5,5,Fixed,4000,Fixed,True,2000,3,6
309,time_series_strategy,cpd_frequency_delta3,"[12, 25, 36]","[11, 23, 36]",1.0,1.5,../Input/Synthetic/CPN_Logs_Characterization_Ext/FragmentChange\Size5\Atomic\Frequency\output\Frequency.mxml.gz,Size5/Frequency,0,Fixed,4000,Fixed,True,2000,3,6
310,time_series_strategy,cpd_frequency_delta3,"[12, 25, 36]","[11, 24, 36]",1.0,1.0,../Input/Synthetic/CPN_Logs_Characterization_Ext/FragmentChange\Size5\Atomic\Frequency\output\Frequency_2.mxml.gz,Size5/Frequency_2,2,Fixed,4000,Fixed,True,2000,3,6
311,time_series_strategy,cpd_frequency_delta3,"[12, 26, 37]","[11, 24, 37]",1.0,1.5,../Input/Synthetic/CPN_Logs_Characterization_Ext/FragmentChange\Size5\Atomic\Frequency\output\Frequency_5.mxml.gz,Size5/Frequency_5,5,Fixed,4000,Fixed,True,2000,3,6
312,time_series_strategy,cpd_frequency_delta3,"[16, 38, 53]","[15, 37, 53]",1.0,1.0,../Input/Synthetic/CPN_Logs_Characterization_Ext/FragmentChange\Size5\Atomic\Loop\output\Loop.mxml.gz,Size5/Loop,0,Fixed,4000,Fixed,True,2000,3,6
313,time_series_strategy,cpd_frequency_delta3,"[17, 39, 54]","[15, 37, 54]",1.0,2.0,../Input/Synthetic/CPN_Logs_Characterization_Ext/FragmentChange\Size5\Atomic\Loop\output\Loop_2.mxml.gz,Size5/Loop_2,2,Fixed,4000,Fixed,True,2000,3,6
314,time_series_strategy,cpd_frequency_delta3,"[17, 39, 55]","[15, 38, 55]",1.0,1.5,../Input/Synthetic/CPN_Logs_Characterization_Ext/FragmentChange\Size5\Atomic\Loop\output\Loop_5.mxml.gz,Size5/Loop_5,5,Fixed,4000,Fixed,True,2000,3,6
315,time_series_strategy,cpd_frequency_delta3,"[17, 35, 51]","[16, 34, 51]",1.0,1.0,../Input/Synthetic/CPN_Logs_Characterization_Ext/FragmentChange\Size5\Atomic\ParallelMove\output\ParallelMove.mxml.gz,Size5/ParallelMove,0,Fixed,4000,Fixed,True,2000,3,6
316,time_series_strategy,cpd_frequency_delta3,"[18, 37, 55]","[17, 36, 55]",1.0,1.0,../Input/Synthetic/CPN_Logs_Characterization_Ext/FragmentChange\Size5\Atomic\ParallelMove\output\ParallelMove_2.mxml.gz,Size5/ParallelMove_2,2,Fixed,4000,Fixed,True,2000,3,6
317,time_series_strategy,cpd_frequency_delta3,"[17, 36, 53]","[17, 35, 53]",1.0,0.5,../Input/Synthetic/CPN_Logs_Characterization_Ext/FragmentChange\Size5\Atomic\ParallelMove\output\ParallelMove_5.mxml.gz,Size5/ParallelMove_5,5,Fixed,4000,Fixed,True,2000,3,6
318,time_series_strategy,cpd_frequency_delta3,"[15, 30, 44]","[14, 29, 44]",1.0,1.0,../Input/Synthetic/CPN_Logs_Characterization_Ext/FragmentChange\Size5\Atomic\ParallelRemoval\output\ParallelRemoval.mxml.gz,Size5/ParallelRemoval,0,Fixed,4000,Fixed,True,2000,3,6
319,time_series_strategy,cpd_frequency_delta3,"[15, 31, 45]","[14, 30, 45]",1.0,1.0,../Input/Synthetic/CPN_Logs_Characterization_Ext/FragmentChange\Size5\Atomic\ParallelRemoval\output\ParallelRemoval_2.mxml.gz,Size5/ParallelRemoval_2,2,Fixed,4000,Fixed,True,2000,3,6
320,time_series_strategy,cpd_frequency_delta3,"[15, 32, 46]","[14, 31, 46]",1.0,1.0,../Input/Synthetic/CPN_Logs_Characterization_Ext/FragmentChange\Size5\Atomic\ParallelRemoval\output\ParallelRemoval_5.mxml.gz,Size5/ParallelRemoval_5,5,Fixed,4000,Fixed,True,2000,3,6
321,time_series_strategy,cpd_frequency_delta3,"[19, 39, 58]","[18, 38, 58]",1.0,1.0,../Input/Synthetic/CPN_Logs_Characterization_Ext/FragmentChange\Size5\Atomic\ParallelToSequence\output\ParallelToSequence.mxml.gz,Size5/ParallelToSequence,0,Fixed,4000,Fixed,True,2000,3,6
322,time_series_strategy,cpd_frequency_delta3,"[20, 40, 59]","[19, 39, 59]",1.0,1.0,../Input/Synthetic/CPN_Logs_Characterization_Ext/FragmentChange\Size5\Atomic\ParallelToSequence\output\ParallelToSequence_2.mxml.gz,Size5/ParallelToSequence_2,2,Fixed,4000,Fixed,True,2000,3,6
323,time_series_strategy,cpd_frequency_delta3,"[20, 41, 61]","[19, 40, 61]",1.0,1.0,../Input/Synthetic/CPN_Logs_Characterization_Ext/FragmentChange\Size5\Atomic\ParallelToSequence\output\ParallelToSequence_5.mxml.gz,Size5/ParallelToSequence_5,5,Fixed,4000,Fixed,True,2000,3,6
324,time_series_strategy,cpd_frequency_delta3,"[18, 39, 57]","[18, 37, 57]",1.0,1.0,../Input/Synthetic/CPN_Logs_Characterization_Ext/FragmentChange\Size5\Atomic\SerialMove\output\SerialMove.mxml.gz,Size5/SerialMove,0,Fixed,4000,Fixed,True,2000,3,6
325,time_series_strategy,cpd_frequency_delta3,"[18, 40, 58]","[18, 38, 58]",1.0,1.0,../Input/Synthetic/CPN_Logs_Characterization_Ext/FragmentChange\Size5\Atomic\SerialMove\output\SerialMove_2.mxml.gz,Size5/SerialMove_2,2,Fixed,4000,Fixed,True,2000,3,6
326,time_series_strategy,cpd_frequency_delta3,"[19, 41, 59]","[19, 39, 59]",1.0,1.0,../Input/Synthetic/CPN_Logs_Characterization_Ext/FragmentChange\Size5\Atomic\SerialMove\output\SerialMove_5.mxml.gz,Size5/SerialMove_5,5,Fixed,4000,Fixed,True,2000,3,6
327,time_series_strategy,cpd_frequency_delta3,"[15, 30, 45]","[14, 29, 45]",1.0,1.0,../Input/Synthetic/CPN_Logs_Characterization_Ext/FragmentChange\Size5\Atomic\SerialRemoval\output\SerialRemoval.mxml.gz,Size5/SerialRemoval,0,Fixed,4000,Fixed,True,2000,3,6
328,time_series_strategy,cpd_frequency_delta3,"[16, 33, 48]","[15, 32, 48]",1.0,1.0,../Input/Synthetic/CPN_Logs_Characterization_Ext/FragmentChange\Size5\Atomic\SerialRemoval\output\SerialRemoval_2.mxml.gz,Size5/SerialRemoval_2,2,Fixed,4000,Fixed,True,2000,3,6
329,time_series_strategy,cpd_frequency_delta3,"[15, 32, 47]","[15, 30, 47]",1.0,1.0,../Input/Synthetic/CPN_Logs_Characterization_Ext/FragmentChange\Size5\Atomic\SerialRemoval\output\SerialRemoval_5.mxml.gz,Size5/SerialRemoval_5,5,Fixed,4000,Fixed,True,2000,3,6
330,time_series_strategy,cpd_frequency_delta3,"[16, 32, 48]","[15, 31, 48]",1.0,1.0,../Input/Synthetic/CPN_Logs_Characterization_Ext/FragmentChange\Size5\Atomic\Skip\output\Skip.mxml.gz,Size5/Skip,0,Fixed,4000,Fixed,True,2000,3,6
331,time_series_strategy,cpd_frequency_delta3,"[15, 18, 35, 52]","[16, 34, 52]",0.8,1.33,../Input/Synthetic/CPN_Logs_Characterization_Ext/FragmentChange\Size5\Atomic\Skip\output\Skip_2.mxml.gz,Size5/Skip_2,2,Fixed,4000,Fixed,True,2000,3,6
332,time_series_strategy,cpd_frequency_delta3,"[17, 34, 50]","[16, 33, 50]",1.0,1.0,../Input/Synthetic/CPN_Logs_Characterization_Ext/FragmentChange\Size5\Atomic\Skip\output\Skip_5.mxml.gz,Size5/Skip_5,5,Fixed,4000,Fixed,True,2000,3,6
333,time_series_strategy,cpd_frequency_delta3,"[15, 32, 47]","[14, 32, 47]",1.0,0.5,../Input/Synthetic/CPN_Logs_Characterization_Ext/FragmentChange\Size5\Atomic\Substitute\output\Substitute.mxml.gz,Size5/Substitute,0,Fixed,4000,Fixed,True,2000,3,6
334,time_series_strategy,cpd_frequency_delta3,"[16, 35, 51]","[15, 34, 51]",1.0,1.0,../Input/Synthetic/CPN_Logs_Characterization_Ext/FragmentChange\Size5\Atomic\Substitute\output\Substitute_2.mxml.gz,Size5/Substitute_2,2,Fixed,4000,Fixed,True,2000,3,6
335,time_series_strategy,cpd_frequency_delta3,"[16, 34, 49]","[15, 33, 49]",1.0,1.0,../Input/Synthetic/CPN_Logs_Characterization_Ext/FragmentChange\Size5\Atomic\Substitute\output\Substitute_5.mxml.gz,Size5/Substitute_5,5,Fixed,4000,Fixed,True,2000,3,6
336,time_series_strategy,cpd_frequency_delta3,"[17, 34, 50]","[16, 33, 50]",1.0,1.0,../Input/Synthetic/CPN_Logs_Characterization_Ext/FragmentChange\Size5\Atomic\Swap\output\Swap.mxml.gz,Size5/Swap,0,Fixed,4000,Fixed,True,2000,3,6
337,time_series_strategy,cpd_frequency_delta3,"[17, 35, 51]","[16, 34, 51]",1.0,1.0,../Input/Synthetic/CPN_Logs_Characterization_Ext/FragmentChange\Size5\Atomic\Swap\output\Swap_2.mxml.gz,Size5/Swap_2,2,Fixed,4000,Fixed,True,2000,3,6
338,time_series_strategy,cpd_frequency_delta3,"[17, 35, 52]","[16, 34, 52]",1.0,1.0,../Input/Synthetic/CPN_Logs_Characterization_Ext/FragmentChange\Size5\Atomic\Swap\output\Swap_5.mxml.gz,Size5/Swap_5,5,Fixed,4000,Fixed,True,2000,3,6
339,time_series_strategy,cpd_frequency_delta3,"[18, 35, 53]","[17, 34, 53]",1.0,1.0,../Input/Synthetic/CPN_Logs_Characterization_Ext/FragmentChange\Size5\Composite\IOR\output\IOR.mxml.gz,Size5/IOR,0,Fixed,4000,Fixed,True,2000,3,6
340,time_series_strategy,cpd_frequency_delta3,"[18, 36, 54]","[17, 35, 54]",1.0,1.0,../Input/Synthetic/CPN_Logs_Characterization_Ext/FragmentChange\Size5\Composite\IOR\output\IOR_2.mxml.gz,Size5/IOR_2,2,Fixed,4000,Fixed,True,2000,3,6
341,time_series_strategy,cpd_frequency_delta3,"[18, 37, 55]","[17, 36, 55]",1.0,1.0,../Input/Synthetic/CPN_Logs_Characterization_Ext/FragmentChange\Size5\Composite\IOR\output\IOR_5.mxml.gz,Size5/IOR_5,5,Fixed,4000,Fixed,True,2000,3,6
342,time_series_strategy,cpd_frequency_delta3,"[17, 40, 56]","[16, 39, 56]",1.0,1.0,../Input/Synthetic/CPN_Logs_Characterization_Ext/FragmentChange\Size5\Composite\IRO\output\IRO.mxml.gz,Size5/IRO,0,Fixed,4000,Fixed,True,2000,3,6
343,time_series_strategy,cpd_frequency_delta3,"[17, 41, 57]","[17, 40, 57]",1.0,0.5,../Input/Synthetic/CPN_Logs_Characterization_Ext/FragmentChange\Size5\Composite\IRO\output\IRO_2.mxml.gz,Size5/IRO_2,2,Fixed,4000,Fixed,True,2000,3,6
344,time_series_strategy,cpd_frequency_delta3,"[17, 41, 59]","[17, 40, 59]",1.0,0.5,../Input/Synthetic/CPN_Logs_Characterization_Ext/FragmentChange\Size5\Composite\IRO\output\IRO_5.mxml.gz,Size5/IRO_5,5,Fixed,4000,Fixed,True,2000,3,6
345,time_series_strategy,cpd_frequency_delta3,"[16, 34, 49]","[15, 33, 49]",1.0,1.0,../Input/Synthetic/CPN_Logs_Characterization_Ext/FragmentChange\Size5\Composite\OIR\output\OIR.mxml.gz,Size5/OIR,0,Fixed,4000,Fixed,True,2000,3,6
346,time_series_strategy,cpd_frequency_delta3,"[16, 35, 50]","[15, 34, 50]",1.0,1.0,../Input/Synthetic/CPN_Logs_Characterization_Ext/FragmentChange\Size5\Composite\OIR\output\OIR_2.mxml.gz,Size5/OIR_2,2,Fixed,4000,Fixed,True,2000,3,6
347,time_series_strategy,cpd_frequency_delta3,"[16, 36, 51]","[15, 34, 51]",1.0,1.5,../Input/Synthetic/CPN_Logs_Characterization_Ext/FragmentChange\Size5\Composite\OIR\output\OIR_5.mxml.gz,Size5/OIR_5,5,Fixed,4000,Fixed,True,2000,3,6
348,time_series_strategy,cpd_frequency_delta3,"[21, 48, 71]","[22, 48, 71]",1.0,0.5,../Input/Synthetic/CPN_Logs_Characterization_Ext/FragmentChange\Size5\Composite\ORI\output\ORI.mxml.gz,Size5/ORI,0,Fixed,4000,Fixed,True,2000,3,6
349,time_series_strategy,cpd_frequency_delta3,"[22, 49, 72]","[22, 49, 72]",1.0,0.0,../Input/Synthetic/CPN_Logs_Characterization_Ext/FragmentChange\Size5\Composite\ORI\output\ORI_2.mxml.gz,Size5/ORI_2,2,Fixed,4000,Fixed,True,2000,3,6
350,time_series_strategy,cpd_frequency_delta3,"[22, 50, 74]","[23, 50, 74]",1.0,0.5,../Input/Synthetic/CPN_Logs_Characterization_Ext/FragmentChange\Size5\Composite\ORI\output\ORI_5.mxml.gz,Size5/ORI_5,5,Fixed,4000,Fixed,True,2000,3,6
351,time_series_strategy,cpd_frequency_delta3,"[17, 39, 56]","[17, 38, 56]",1.0,0.5,../Input/Synthetic/CPN_Logs_Characterization_Ext/FragmentChange\Size5\Composite\RIO\output\RIO.mxml.gz,Size5/RIO,0,Fixed,4000,Fixed,True,2000,3,6
352,time_series_strategy,cpd_frequency_delta3,"[18, 40, 57]","[17, 39, 57]",1.0,1.0,../Input/Synthetic/CPN_Logs_Characterization_Ext/FragmentChange\Size5\Composite\RIO\output\RIO_2.mxml.gz,Size5/RIO_2,2,Fixed,4000,Fixed,True,2000,3,6
353,time_series_strategy,cpd_frequency_delta3,"[18, 40, 58]","[17, 40, 58]",1.0,0.5,../Input/Synthetic/CPN_Logs_Characterization_Ext/FragmentChange\Size5\Composite\RIO\output\RIO_5.mxml.gz,Size5/RIO_5,5,Fixed,4000,Fixed,True,2000,3,6
354,time_series_strategy,cpd_frequency_delta3,"[18, 37, 55]","[17, 36, 55]",1.0,1.0,../Input/Synthetic/CPN_Logs_Characterization_Ext/FragmentChange\Size5\Composite\ROI\output\ROI.mxml.gz,Size5/ROI,0,Fixed,4000,Fixed,True,2000,3,6
355,time_series_strategy,cpd_frequency_delta3,"[18, 38, 56]","[17, 37, 56]",1.0,1.0,../Input/Synthetic/CPN_Logs_Characterization_Ext/FragmentChange\Size5\Composite\ROI\output\ROI_2.mxml.gz,Size5/ROI_2,2,Fixed,4000,Fixed,True,2000,3,6
356,time_series_strategy,cpd_frequency_delta3,"[18, 39, 57]","[18, 38, 57]",1.0,0.5,../Input/Synthetic/CPN_Logs_Characterization_Ext/FragmentChange\Size5\Composite\ROI\output\ROI_5.mxml.gz,Size5/ROI_5,5,Fixed,4000,Fixed,True,2000,3,6
357,time_series_strategy,cpd_frequency_delta3,"[19, 39, 58]","[18, 38, 58]",1.0,1.0,../Input/Synthetic/CPN_Logs_Characterization_Ext/FragmentChange\Size5\Nested\IOR\output\IOR.mxml.gz,Size5/IOR,0,Fixed,4000,Fixed,True,2000,3,6
358,time_series_strategy,cpd_frequency_delta3,"[19, 40, 59]","[18, 39, 59]",1.0,1.0,../Input/Synthetic/CPN_Logs_Characterization_Ext/FragmentChange\Size5\Nested\IOR\output\IOR_2.mxml.gz,Size5/IOR_2,2,Fixed,4000,Fixed,True,2000,3,6
359,time_series_strategy,cpd_frequency_delta3,"[19, 41, 60]","[19, 40, 60]",1.0,0.5,../Input/Synthetic/CPN_Logs_Characterization_Ext/FragmentChange\Size5\Nested\IOR\output\IOR_5.mxml.gz,Size5/IOR_5,5,Fixed,4000,Fixed,True,2000,3,6
360,time_series_strategy,cpd_frequency_delta3,"[19, 38, 57]","[19, 37, 57]",1.0,0.5,../Input/Synthetic/CPN_Logs_Characterization_Ext/FragmentChange\Size5\Nested\IRO\output\IRO.mxml.gz,Size5/IRO,0,Fixed,4000,Fixed,True,2000,3,6
361,time_series_strategy,cpd_frequency_delta3,"[20, 38, 58]","[19, 37, 58]",1.0,1.0,../Input/Synthetic/CPN_Logs_Characterization_Ext/FragmentChange\Size5\Nested\IRO\output\IRO_2.mxml.gz,Size5/IRO_2,2,Fixed,4000,Fixed,True,2000,3,6
362,time_series_strategy,cpd_frequency_delta3,"[20, 39, 60]","[20, 38, 60]",1.0,0.5,../Input/Synthetic/CPN_Logs_Characterization_Ext/FragmentChange\Size5\Nested\IRO\output\IRO_5.mxml.gz,Size5/IRO_5,5,Fixed,4000,Fixed,True,2000,3,6
363,time_series_strategy,cpd_frequency_delta3,"[16, 33, 49]","[15, 32, 49]",1.0,1.0,../Input/Synthetic/CPN_Logs_Characterization_Ext/FragmentChange\Size5\Nested\OIR\output\OIR.mxml.gz,Size5/OIR,0,Fixed,4000,Fixed,True,2000,3,6
364,time_series_strategy,cpd_frequency_delta3,"[16, 34, 50]","[15, 33, 50]",1.0,1.0,../Input/Synthetic/CPN_Logs_Characterization_Ext/FragmentChange\Size5\Nested\OIR\output\OIR_2.mxml.gz,Size5/OIR_2,2,Fixed,4000,Fixed,True,2000,3,6
365,time_series_strategy,cpd_frequency_delta3,"[16, 35, 51]","[16, 34, 51]",1.0,0.5,../Input/Synthetic/CPN_Logs_Characterization_Ext/FragmentChange\Size5\Nested\OIR\output\OIR_5.mxml.gz,Size5/OIR_5,5,Fixed,4000,Fixed,True,2000,3,6
366,time_series_strategy,cpd_frequency_delta3,"[17, 43, 61]","[17, 42, 61]",1.0,0.5,../Input/Synthetic/CPN_Logs_Characterization_Ext/FragmentChange\Size5\Nested\ORI\output\ORI.mxml.gz,Size5/ORI,0,Fixed,4000,Fixed,True,2000,3,6
367,time_series_strategy,cpd_frequency_delta3,"[17, 44, 62]","[18, 43, 62]",1.0,1.0,../Input/Synthetic/CPN_Logs_Characterization_Ext/FragmentChange\Size5\Nested\ORI\output\ORI_2.mxml.gz,Size5/ORI_2,2,Fixed,4000,Fixed,True,2000,3,6
368,time_series_strategy,cpd_frequency_delta3,"[18, 45, 63]","[18, 44, 63]",1.0,0.5,../Input/Synthetic/CPN_Logs_Characterization_Ext/FragmentChange\Size5\Nested\ORI\output\ORI_5.mxml.gz,Size5/ORI_5,5,Fixed,4000,Fixed,True,2000,3,6
369,time_series_strategy,cpd_frequency_delta3,"[19, 39, 58]","[18, 38, 58]",1.0,1.0,../Input/Synthetic/CPN_Logs_Characterization_Ext/FragmentChange\Size5\Nested\RIO\output\RIO.mxml.gz,Size5/RIO,0,Fixed,4000,Fixed,True,2000,3,6
370,time_series_strategy,cpd_frequency_delta3,"[20, 40, 60]","[19, 39, 60]",1.0,1.0,../Input/Synthetic/CPN_Logs_Characterization_Ext/FragmentChange\Size5\Nested\RIO\output\RIO_2.mxml.gz,Size5/RIO_2,2,Fixed,4000,Fixed,True,2000,3,6
371,time_series_strategy,cpd_frequency_delta3,"[20, 41, 61]","[19, 40, 61]",1.0,1.0,../Input/Synthetic/CPN_Logs_Characterization_Ext/FragmentChange\Size5\Nested\RIO\output\RIO_5.mxml.gz,Size5/RIO_5,5,Fixed,4000,Fixed,True,2000,3,6
372,time_series_strategy,cpd_frequency_delta3,"[16, 33, 49]","[15, 32, 49]",1.0,1.0,../Input/Synthetic/CPN_Logs_Characterization_Ext/FragmentChange\Size5\Nested\ROI\output\ROI.mxml.gz,Size5/ROI,0,Fixed,4000,Fixed,True,2000,3,6
373,time_series_strategy,cpd_frequency_delta3,"[16, 34, 50]","[16, 33, 50]",1.0,0.5,../Input/Synthetic/CPN_Logs_Characterization_Ext/FragmentChange\Size5\Nested\ROI\output\ROI_2.mxml.gz,Size5/ROI_2,2,Fixed,4000,Fixed,True,2000,3,6
374,time_series_strategy,cpd_frequency_delta3,"[17, 35, 51]","[16, 33, 51]",1.0,1.5,../Input/Synthetic/CPN_Logs_Characterization_Ext/FragmentChange\Size5\Nested\ROI\output\ROI_5.mxml.gz,Size5/ROI_5,5,Fixed,4000,Fixed,True,2000,3,6
